PrjName;RecordNo;AgentId;AgentUserName;PhoneNo;Language;LtCallDt;LtCallWd;LtCallST;CallDurS;CallDurM;LtQuestF;CallCnt;LtCallR;WaveNo;Priority;DialingMode;ResCompleted;IntLevel;ResTimeZone;CallNotes;RestrictionOverride;ResTimeSlot;LtCaseR;CyclePhoneNumber;ManualDialing;LANG;NAME;INT01;N1;N2_1;RegionA;R1;SCREE;T1;Q1;INT10;Q2;Q3_1;Q3_2;Q3_3;Q3_4;Q3_5;Q3_6;Q3_7;Q4;Q5;Q6;Q7M1;Q7M2;Q7M3;Q7M4;Q7M5;Q7M6;Q7M7;Q7M8;Q7M9;Q7M10;Q8M1;Q8M2;Q8M3;Q8M4;Q8M5;Q8M6;Q8M7;Q8M8;Q8M9;Q8M10;RAUS;BYE;VOLL;INT;SQ;F6;PR_CODE;REG;DISTR;SETTL;IMPOR;TEL1;TEL2;TEL3;LSURN;LNAME;TEL4;TEL5;LSURN2;LNAME2;TEL6;TEL7;LSURN3;LNAME3;TEL8;RESPONDENT;TEL9;NOTE;KORR;F7;QN1;QN2;QN3;QN4;QN5;F8;QN6;QN7;QN8;F11;CB
Nazwa Projektu;1135;114;Agent.13;445384795;1;20210729;5;10:30:00;2021;34;461;1;CO;1;0;0;1;0;0; ;0;0;CO;1;0;PL; ;JA; ; ;32090206; ; ;185;101; ;140;3;5;3;9;5;10;10;1969;104;104;106;108;;;;;;;;;103;;;;;;;;;; ;99;100;CO; ; ;293674; ; ; ; ; ; ; ; ; ; ; ; ; ; ; ; ; ; ; ; ; ;1; ; ; ; ; ; ; ; ; ; ; ; 
Nazwa Projektu;1136;55;Agent.07;384980749;1;20210729;5;10:30:00;1699;28;461;1;CO;1;0;0;1;0;0; ;0;0;CO;1;0;PL; ;JA; ; ;32090214; ; ;148;101; ;145;4;10;1;99;2;99;8;1987;103;104;104;112;108;;;;;;;;101;103;105;106;107;;;;;; ;99;100;CO; ; ;818974; ; ; ; ;860546958; ; ; ; ; ; ; ; ; ; ; ; ; ; ; ; ;1; ; ; ; ; ; ; ; ; ; ; ; 
Nazwa Projektu;1137;59;Agent.10;497555914;1;20210730;6;14:58:00;881;15;462;5;CO;3;0;0;1;0;0; ;0;0;CO;1;0;PL; ;LQ; ; ;32090222; ; ;68;101; ;200;5;1;10;9;9;9;6;1977;103;103;102;101;108;;;;;;;;103;104;107;108;;;;;;; ;99;100;CO; ; ;376014; ; ; ; ; ; ; ; ; ; ; ; ; ; ; ; ; ; ; ; ; ;1; ;diam ipsum, semper Vivamus in aliquam. dis lectus, vehicula. Fusce Phasellus neque, Cras in lectus in sapien, elit. Fusce or; ; ; ; ; ; ; ; ; ;2,02E+11
Nazwa Projektu;1141;45;Agent.02;627829735;1;20210730;6;09:00:00;1478;25;462;3;CO;1;0;0;1;0;0; ;0;0;CO;1;0;PL; ;JA; ; ;32090254; ; ;105;101; ;8;9;5;9;6;6;4;9;1989;104;103;999;;;;;;;;;;;;;;;;;;;; ;99;100;CO; ; ;696985; ; ; ; ; ; ; ; ; ; ; ; ; ; ; ; ; ; ; ; ; ;1; ;lectus Vivamus nascetur odio erat sociosqu dolor venenatis aptent Pellentesque Pellentesque ridiculus vulputate ut. in in mi; ; ; ; ; ; ; ; ; ;2,02E+11
Nazwa Projektu;1143;61;Agent.11;935866233;1;20210730;6;09:00:00;3420;57;462;2;CO;2;0;0;1;0;0; ;0;0;CO;1;0;PL; ;JA; ; ;32090281; ; ;168;101; ;150;6;5;9;5;8;4;9;1992;104;102;108;101;114;;;;;;;;103;107;;;;;;;;; ;99;100;CO; ; ;745170; ; ; ; ; ; ; ; ; ; ; ; ; ; ; ; ; ; ; ; ; ;1; ; ; ; ; ; ; ; ; ; ; ; 
Nazwa Projektu;1145;57;Agent.09;62777254;1;20210729;5;10:35:00;1910;32;461;1;CO;1;0;0;1;0;0; ;0;0;CO;1;0;PL; ;JA; ; ;32090284; ; ;91;101; ;100;10;8;5;9;2;9;4;1982;102;104;101;108;;;;;;;;;101;102;108;;;;;;;; ;99;100;CO; ; ;304777; ; ; ; ; ; ; ; ; ; ; ; ; ; ; ; ; ; ; ; ; ;1; ; ; ; ; ; ; ; ; ; ; ; 
Nazwa Projektu;1150;47;Agent.03;154573464;1;20210806;6;19:26:00;1714;29;462;5;CO;4;0;0;1;0;0; ;0;0;CO;1;0;PL; ;JA; ; ;32090286; ; ;264;101; ;30,01;10;5;7;0;5;4;7;1978;103;101;108;105;;;;;;;;;101;102;103;104;105;106;108;;;; ;99;100;CO; ; ;779905; ; ; ; ;226676446; ; ; ; ; ; ; ; ; ; ; ; ; ; ; ; ;1; ;auctor elit natoque neque libero maximus massa. in libero diam in adipiscing commodo quam quam. adipiscing elit. est. mi sus; ; ; ; ; ; ; ; ; ;2,02E+11
Nazwa Projektu;1151;53;Agent.06;647224818;1;20210729;5;14:57:00;1274;21;461;2;CO;1;0;0;1;0;0; ;0;0;CO;1;0;PL; ;JA; ; ;32090290; ; ;73;101; ;250;6;9;4;4;4;9;2;1981;104;101;999;;;;;;;;;;101;102;103;104;106;107;108;;;; ;99;100;CO; ; ;514197; ; ; ; ;821958511; ; ; ; ; ; ; ; ; ; ; ; ; ; ; ; ;1; ;felis. neque interdum vestibulum dictum orci consequat vulputate, sed sollicitudin est. Sed id odio ipsum, commodo, maximus;felis. neque interdum vestibulum dictum orci consequat vulputate, sed sollicitudin est. Sed id odio ipsum, commodo, ma;felis. neque interdum vestibulum dictum orci consequat vulputate, sed sollicitudin est. Sed id odio ipsum, commodo, ma; ; ; ; ; ; ; ;2,02E+11
Nazwa Projektu;1154;61;Agent.11;223966240;1;20210811;4;09:13:00;2361;39;462;37;CO;30;0;0;1;0;0; ;0;0;CO;1;0;PL; ;LQ; ; ;32090305; ; ;7;101; ;180;9;3;5;9;6;99;6;1965;103;103;101;102;108;104;105;106;107;103;112;;;;;;;;;;;; ;99;100;CO; ; ;735152; ; ; ; ; ; ; ; ; ; ; ; ; ; ; ; ; ; ; ; ; ;1; ;vestibulum in laoreet commodo consequat dui. quam sit tortor scelerisque vestibulum In et In eleifend lobortis quam. orci Vi;vestibulum in laoreet commodo consequat dui. quam sit tortor scelerisque vestibulum In et In eleifend lobortis quam. o; ; ; ; ; ; ; ; ;2,02E+11
Nazwa Projektu;1159;61;Agent.11;420669165;1;20210804;4;10:08:00;2505;42;462;4;CO;1;0;0;1;0;0; ;0;0;CO;1;0;PL; ;JA; ; ;32090327; ; ;45;101; ;350;9;3;5;99;9;2;8;1977;104;102;112;;;;;;;;;;103;;;;;;;;;; ;99;100;CO; ; ;658725; ; ; ; ; ; ; ; ; ; ; ; ; ; ; ; ; ; ; ; ; ;1; ;nibh et id, lacinia. orci eu venenatis. ornare eu posuere. massa. cursus vitae sed; ; ; ; ; ; ; ; ; ;2,02E+11
Nazwa Projektu;1160;47;Agent.03;141651086;1;20210806;6;17:11:00;1239;21;462;4;CO;4;0;0;1;0;0; ;0;0;CO;1;0;PL; ;JA; ; ;32090336; ; ;74;101; ;117;4;8;3;8;10;9;9;1988;102;104;105;108;;;;;;;;;;;;;;;;;;; ;99;100;CO; ; ;664888; ; ; ; ; ; ; ; ; ; ; ; ; ; ; ; ; ; ; ; ; ;1; ;sit odio nascetur Etiam elementum, aptent dapibus ex venenatis. metus maximus sit in ornare aliquam. dapibus enim Praesent f;sit odio nascetur Etiam elementum, aptent dapibus ex venenatis. metus maximus sit in ornare aliquam. dapibus enim Prae;sit odio nascetur Etiam elementum, aptent dapibus ex venenatis. metus maximus sit in ornare aliquam. dapibus enim Prae; ; ; ; ; ; ; ; 
Nazwa Projektu;1167;53;Agent.06;72287895;1;20210729;5;10:46:00;1392;23;461;1;CO;1;0;0;1;0;0; ;0;0;CO;1;0;PL; ;JA; ; ;32090344; ; ;127;101; ;25;5;4;10;3;9;3;4;1992;103;102;108;102;101;;;;;;;;101;102;103;104;105;106;107;108;;; ;99;100;CO; ; ;806011; ; ; ; ;248388234; ; ; ; ; ; ; ; ; ; ; ; ; ; ; ; ;1; ; ; ; ; ; ; ; ; ; ; ; 
Nazwa Projektu;1168;51;Agent.05;76668965;1;20210729;5;10:47:00;3408;57;461;1;CO;1;0;0;1;0;0; ;0;0;CO;1;0;PL; ;JA; ; ;32090346; ; ;220;101; ;20;1;6;5;5;10;10;0;1973;104;103;111;;;;;;;;;;103;104;105;106;107;;;;;; ;99;100;CO; ; ;915403; ; ; ; ; ; ; ; ; ; ; ; ; ; ; ; ; ; ; ; ; ;2; ; ; ; ; ; ; ; ; ; ; ; 
Nazwa Projektu;1169;47;Agent.03;889126232;1;20210803;3;15:40:00;2083;35;462;6;CO;5;0;0;1;0;0; ;0;0;CO;1;0;PL; ;JA; ; ;32090348; ; ;164;101; ;340;9;6;8;4;9;6;6;1964;103;104;108;102;101;114;;;;;;;;;;;;;;;;; ;99;100;CO; ; ;696026; ; ; ; ;761440991; ; ; ; ; ; ; ; ; ; ; ; ; ; ; ; ;1; ;in amet, quis neque orci sapien. per diam lacinia platea adipiscing a tincidunt suscipit in est. dui Fusce laoreet Cras Lore;in amet, quis neque orci sapien. per diam lacinia platea adipiscing a tincidunt suscipit in est. dui Fusce laoreet Cra;in amet, quis neque orci sapien. per diam lacinia platea adipiscing a tincidunt suscipit in est. dui Fusce laoreet Cra;in amet, quis neque orci sapien. per diam lacinia platea adipiscing a tincidunt suscipit in est. dui Fusce laoreet;Анкету начала (309576-Юр.Леон.(по зерновім) в 15.00; ; ; ; ; ;2,02E+11
Nazwa Projektu;1173;45;Agent.02;266395513;1;20210729;5;14:21:00;2069;34;461;2;CO;1;0;0;1;0;0; ;0;0;CO;1;0;PL; ;JA; ; ;32090385; ; ;76;101; ;23;5;3;4;3;7;9;1;1974;103;103;101;118;108;;;;;;;;103;104;105;106;107;;;;;; ;99;100;CO; ; ;698877; ; ; ; ;752282501;979706522; ; ; ; ; ; ; ; ; ; ; ; ; ; ; ;1; ; ; ; ; ; ; ; ; ; ; ;2,02E+11
Nazwa Projektu;1174;45;Agent.02;471559482;1;20210806;6;14:05:00;1967;33;462;7;CO;1;0;0;1;0;0; ;0;0;CO;1;0;PL; ;JA; ; ;32090389; ; ;79;101; ;455;2;4;9;6;7;5;9;1992;104;102;101;108;102;119;;;;;;;102;103;104;105;107;;;;;; ;99;100;CO; ; ;539118; ; ; ; ; ; ; ; ; ; ; ; ; ; ; ; ; ; ; ; ; ;1; ;laoreet sapien, eget, platea non quam. lorem. ullamcorper litora Etiam eu. elementum Vivamus vitae et condimentum id erat a; ; ; ; ; ; ; ; ; ;2,02E+11
Nazwa Projektu;1176;61;Agent.11;514937021;1;20210803;3;17:33:00;1998;33;462;8;CO;2;0;0;1;0;0; ;0;0;CO;1;0;PL; ;JA; ; ;32090395; ; ;62;101; ;30;5;10;3;2;10;9;7;1969;103;102;108;;;;;;;;;;102;103;104;105;106;;;;;; ;99;100;CO; ; ;996009; ; ; ; ;373893572; ; ; ; ; ; ; ; ; ; ; ; ; ; ; ; ;1; ;penatibus dictumst. per Vivamus faucibus Aliquam ligula placerat. erat sit Cras Cras odio porttitor sed consectetur lobortis;penatibus dictumst. per Vivamus faucibus Aliquam ligula placerat. erat sit Cras Cras odio porttitor sed consectetur lo;penatibus dictumst. per Vivamus faucibus Aliquam ligula placerat. erat sit Cras Cras odio porttitor sed consectetur lo; ; ; ; ; ; ; ;2,02E+11
Nazwa Projektu;1177;45;Agent.02;655863219;1;20210729;5;10:53:00;2370;40;461;1;CO;1;0;0;1;0;0; ;0;0;CO;1;0;PL; ;JA; ; ;32090401; ; ;168;101; ;15;9;4;3;7;7;99;9;1960;104;104;108;101;105;102;;;;;;;103;104;105;106;107;108;;;;; ;99;100;CO; ; ;946472; ; ; ; ;294573368; ; ; ; ; ; ; ; ; ; ; ; ; ; ; ; ;1; ;gravida enim consequat malesuada in aliquet, malesuada non vestibulum molestie aliquet, egestas sollicitudin ornare consecte;gravida enim consequat malesuada in aliquet, malesuada non vestibulum molestie aliquet, egestas sollicitudin ornare co;gravida enim consequat malesuada in aliquet, malesuada non vestibulum molestie aliquet, egestas sollicitudin ornare co; ; ; ; ; ; ; ; 
Nazwa Projektu;1178;59;Agent.10;570663436;1;20210802;2;16:49:00;1729;29;462;8;CO;7;0;0;1;0;0; ;0;0;CO;1;0;PL; ;JA; ; ;32090407; ; ;3;101; ;33;9;9;8;4;9;4;4;1990;104;104;102;101;108;112;117;105;116;;;;102;106;107;;;;;;;; ;99;100;CO; ; ;491730; ; ; ; ;642502488;504931149;680713834; ; ; ; ; ; ; ; ; ; ; ; ; ; ;1; ;penatibus mattis odio sollicitudin bibendum venenatis elit enim Orci felis. vel erat placerat. Fusce elit montes, Vivamus pe; ; ; ; ; ; ; ; ; ;2,02E+11
Nazwa Projektu;1183;59;Agent.10;436226864;1;20210730;6;16:27:00;1983;33;462;2;CO;1;0;0;1;0;0; ;0;0;CO;1;0;PL; ;JA; ; ;32090410; ; ;90;101; ;18;9;9;2;9;3;8;3;1973;102;104;105;108;101;;;;;;;;102;103;104;105;106;107;;;;; ;99;100;CO; ; ;511206; ; ; ; ; ; ; ; ; ; ; ; ; ; ; ; ; ; ; ; ; ;1; ;lectus, tortor dapibus, felis. turpis, orci tellus et pretium euismod Donec sit vehicula. tempus consectetur. Praesent ut eg; ; ; ; ; ; ; ; ; ;2,02E+11
Nazwa Projektu;1187;61;Agent.11;62818530;1;20210729;5;11:44:00;2200;37;461;3;CO;1;0;0;1;0;0; ;0;0;CO;1;0;PL; ;JA; ; ;32090422; ; ;52;101; ;500;5;8;9;7;9;9;5;1972;103;104;101;108;102;;;;;;;;103;106;107;;;;;;;; ;99;100;CO; ; ;395373; ; ; ; ; ; ; ; ; ; ; ; ; ; ; ; ; ; ; ; ; ;1; ; ; ; ; ; ; ; ; ; ; ;2,02E+11
Nazwa Projektu;1191;55;Agent.07;382565534;1;20210810;3;16:35:00;1519;25;462;6;CO;5;0;0;1;0;0; ;0;0;CO;1;0;PL; ;JA; ; ;32090428; ; ;65;101; ;7;3;10;4;9;1;7;7;1956;102;101;999;;;;;;;;;;101;102;103;104;105;106;107;108;;; ;99;100;CO; ; ;619327; ; ; ; ;262799622; ; ; ; ; ; ; ; ; ; ; ; ; ; ; ; ;1; ;penatibus sed nibh, metus convallis Aenean vel tortor sodales Vivamus sit aptent ad tincidunt vel, in et condimentum Vivamus;penatibus sed nibh, metus convallis Aenean vel tortor sodales Vivamus sit aptent ad tincidunt vel, in et condimentum V;penatibus sed nibh, metus convallis Aenean vel tortor sodales Vivamus sit aptent ad tincidunt vel, in et condimentum V; ; ; ; ; ; ; ;2,02E+11
Nazwa Projektu;1200;57;Agent.09;900808273;1;20210804;4;16:36:00;1604;27;462;8;CO;1;0;0;1;0;0; ;0;0;CO;1;0;PL; ;JA; ; ;32090435; ; ;86;101; ;34;10;8;3;6;3;10;9;1975;103;104;108;105;;;;;;;;;103;104;105;106;107;;;;;; ;99;100;CO; ; ;399592; ; ; ; ;926114855; ; ; ; ; ; ; ; ; ; ; ; ; ; ; ; ;1; ;per aliquet, mattis et non placerat. viverra in commodo turpis Fusce euismod vulputate libero vestibulum pretium consectetur;per aliquet, mattis et non placerat. viverra in commodo turpis Fusce euismod vulputate libero vestibulum pretium conse; ; ; ; ; ; ; ; ;2,02E+11
Nazwa Projektu;1202;61;Agent.11;815581844;1;20210729;5;12:21:00;1139;19;461;2;CO;2;0;0;1;0;0; ;0;0;CO;1;0;PL; ;LQ; ; ;32090445; ; ;111;101; ;636,5;1;9;7;5;8;10;10;1977;104;102;999;;;;;;;;;;101;102;104;107;;;;;;; ;99;100;CO; ; ;212143; ; ; ; ;316542874; ; ; ; ; ; ; ; ; ; ; ; ; ; ; ; ;1; ; ; ; ; ; ; ; ; ; ; ;2,02E+11
Nazwa Projektu;1203;55;Agent.07;289748384;1;20210730;6;09:16:00;1508;25;462;2;CO;2;0;0;1;0;0; ;0;0;CO;1;0;PL; ;JA; ; ;32090451; ; ;100;101; ;180,01;9;5;3;9;9;5;7;1963;103;103;108;;;;;;;;;;103;106;;;;;;;;; ;99;100;CO; ; ;263628; ; ; ; ; ; ; ; ; ; ; ; ; ; ; ; ; ; ; ; ; ;1; ;venenatis est sollicitudin sollicitudin nibh tincidunt. vitae id, Pellentesque vel, dis elit. Lorem Mauris magnis justo vulp; ; ; ; ; ; ; ; ; ; 
Nazwa Projektu;1218;55;Agent.07;299736315;1;20210804;4;11:44:00;372;6;462;7;CO;4;0;0;1;0;0; ;0;0;CO;1;0;PL; ;LQ; ; ;32090454; ; ;49;101; ;41;9;0;7;9;7;4;8;1995;104;102;111;;;;;;;;;;101;102;103;104;105;107;;;;; ;99;100;CO; ; ;562696; ; ; ; ; ; ; ; ; ; ; ; ; ; ; ; ; ; ; ; ; ;1; ;sed eu libero sapien mi aliquet ornare Praesent nibh, per porttitor erat nec inceptos nascetur Suspendisse Fusce Class Proin;sed eu libero sapien mi aliquet ornare Praesent nibh, per porttitor erat nec inceptos nascetur Suspendisse Fusce Class; ; ; ; ; ; ; ; ;2,02E+11
Nazwa Projektu;1221;57;Agent.09;351215951;1;20210729;5;14:00:00;1474;25;461;2;CO;1;0;0;1;0;0; ;0;0;CO;1;0;PL; ;JA; ; ;32090459; ; ;64;101; ;18;5;9;8;3;7;10;7;1987;103;103;999;;;;;;;;;;101;102;103;105;106;107;;;;; ;99;100;CO; ; ;905155; ; ; ; ; ; ; ; ; ; ; ; ; ; ; ; ; ; ; ; ; ;1; ;varius Lorem lectus, dui. magnis ipsum, Integer ornare quam conubia natoque Sed aliquam. gravida lacinia porta mauris dapibu; ; ; ; ; ; ; ; ; ;2,02E+11
Nazwa Projektu;1223;114;Agent.13;601463545;1;20210729;5;11:17:00;2562;43;461;1;CO;1;0;0;1;0;0; ;0;0;CO;1;0;PL; ;JA; ; ;32090461; ; ;172;101; ;250;6;8;5;4;1;4;3;1970;103;104;119;108;101;111;;;;;;;103;104;105;106;107;;;;;; ;99;100;CO; ; ;800639; ; ; ; ;424762361; ; ; ; ; ; ; ; ; ; ; ; ; ; ; ; ;1; ; ; ; ; ; ; ; ; ; ; ; 
Nazwa Projektu;1230;57;Agent.09;668385140;1;20210729;5;14:25:00;804;13;461;4;CO;3;0;0;1;0;0; ;0;0;CO;1;0;PL; ;LQ; ; ;32090468; ; ;85;101; ;21;9;6;5;6;3;4;9;1984;104;103;111;101;108;;;;;;;;;;;;;;;;;; ;99;100;CO; ; ;670948; ; ; ; ; ; ; ; ; ; ; ; ; ; ; ; ; ; ; ; ; ;1; ; ; ; ; ; ; ; ; ; ; ;2,02E+11
Nazwa Projektu;1233;55;Agent.07;812513119;1;20210730;6;10:09:00;1822;30;462;2;CO;2;0;0;1;0;0; ;0;0;CO;1;0;PL; ;JA; ; ;32090471; ; ;157;101; ;534;6;4;0;7;6;10;10;1973;103;104;999;;;;;;;;;;102;103;104;105;106;107;;;;; ;99;100;CO; ; ;648129; ; ; ; ; ; ; ; ; ; ; ; ; ; ; ; ; ; ; ; ; ;1; ;litora Fusce tincidunt scelerisque non nibh, Phasellus litora id leo nec elementum, lobortis. felis. ad malesuada adipiscing; ; ; ; ; ; ; ; ; ; 
Nazwa Projektu;1234;57;Agent.09;383567648;1;20210730;6;17:28:00;2012;34;462;3;CO;1;0;0;1;0;0; ;0;0;CO;1;0;PL; ;JA; ; ;32090474; ; ;70;101; ;120;9;7;9;7;4;9;9;1973;102;102;108;101;118;116;105;103;;;;;102;103;104;105;106;107;;;;; ;99;100;CO; ; ;904730; ; ; ; ;707448548; ; ; ; ; ; ; ; ; ; ; ; ; ; ; ; ;1; ;egestas non Praesent sem amet tincidunt placerat. pretium varius aliquet, interdum mus. mattis a quam felis. quam Class vel,; ; ; ; ; ; ; ; ; ;2,02E+11
Nazwa Projektu;1236;55;Agent.07;874527360;1;20210729;5;14:59:00;1585;26;461;2;CO;1;0;0;1;0;0; ;0;0;CO;1;0;PL; ;JA; ; ;32090478; ; ;83;101; ;100;10;10;9;8;10;3;9;1967;104;104;999;;;;;;;;;;101;102;103;104;106;107;;;;; ;99;100;CO; ; ;411416; ; ; ; ;454627584; ; ; ; ; ; ; ; ; ; ; ; ; ; ; ; ;1; ;porta mus. facilisis amet Praesent nascetur adipiscing finibus vel lorem. et Cras taciti condimentum erat ante. Praesent mal;porta mus. facilisis amet Praesent nascetur adipiscing finibus vel lorem. et Cras taciti condimentum erat ante. Praese; ; ; ; ; ; ; ; ;2,02E+11
Nazwa Projektu;1241;53;Agent.06;685336831;1;20210730;6;10:33:00;1635;27;462;2;CO;2;0;0;1;0;0; ;0;0;CO;1;0;PL; ;JA; ; ;32090481; ; ;146;101; ;135;3;7;3;1;3;6;3;1972;104;104;103;106;108;105;102;;;;;;101;102;104;106;107;108;;;;; ;99;100;CO; ; ;484846; ; ; ; ; ; ; ; ; ; ; ; ; ; ; ; ; ; ; ; ; ;1; ;vel dis dictum velit maximus luctus. facilisis cursus dolor est. felis, nec et Fusce malesuada Mauris erat vel, a elit. port;vel dis dictum velit maximus luctus. facilisis cursus dolor est. felis, nec et Fusce malesuada Mauris erat; ; ; ; ; ; ; ; ; 
Nazwa Projektu;1242;57;Agent.09;914877787;1;20210806;6;10:31:00;1676;28;462;6;CO;4;0;0;1;0;0; ;0;0;CO;1;0;PL; ;JA; ; ;32090486; ; ;85;101; ;448;10;5;9;4;8;9;10;1945;103;104;108;101;;;;;;;;;;;;;;;;;;; ;99;100;CO; ; ;399718; ; ; ; ; ; ; ; ; ; ; ; ; ; ; ; ; ; ; ; ; ;1; ;posuere. adipiscing ut. inceptos sed lacinia turpis turpis amet euismod Nullam est. Vivamus Fusce pretium dapibus, viverra d;posuere. adipiscing ut. inceptos sed lacinia turpis turpis amet euismod Nullam est. Vivamus Fusce pretium dapibus, viv; ; ; ; ; ; ; ; ;2,02E+11
Nazwa Projektu;1251;47;Agent.03;398594672;1;20210803;3;15:14:00;1416;24;462;7;CO;6;0;0;1;0;0; ;0;0;CO;1;0;PL; ;JA; ; ;32090488; ; ;65;101; ;1280;2;9;6;4;6;2;10;1979;104;103;101;108;102;;;;;;;;101;102;103;104;105;106;107;108;;; ;99;100;CO; ; ;453030; ; ; ; ; ; ; ; ; ; ; ; ; ; ; ; ; ; ; ; ; ;1; ;torquent sociosqu blandit Mauris id Fusce platea leo aptent venenatis sagittis. sed amet, sed orci. mus. neque convallis tor;torquent sociosqu blandit Mauris id Fusce platea leo aptent venenatis sagittis. sed amet, sed orci. mus. neque convall;torquent sociosqu blandit Mauris id Fusce platea leo aptent venenatis sagittis. sed amet, sed orci. mus. neque convall; ; ; ; ; ; ; ;2,02E+11
Nazwa Projektu;1253;53;Agent.06;433857924;1;20210730;6;11:47:00;591;10;462;3;CO;3;0;0;1;0;0; ;0;0;CO;1;0;PL; ;LQ; ; ;32090493; ; ;111;101; ;5;10;9;8;6;2;10;3;1998;103;102;119;114;101;102;113;108;112;105;117;;101;102;103;106;;;;;;; ;99;100;CO; ; ;282385; ; ; ; ; ; ; ; ; ; ; ; ; ; ; ; ; ; ; ; ; ;1; ;viverra et Cras condimentum. odio lacinia metus, scelerisque. maximus malesuada ornare lorem. vulputate lacinia sagittis. du; ; ; ; ; ; ; ; ; ;2,02E+11
Nazwa Projektu;1256;59;Agent.10;834590144;1;20210803;3;16:13:00;1578;26;462;17;CO;10;0;0;1;0;0; ;0;0;CO;1;0;PL; ;JA; ; ;32090506; ; ;19;101; ;150,01;10;4;1;7;2;8;9;1999;104;101;108;107;102;113;118;112;106;;;;103;104;105;106;107;;;;;; ;99;100;CO; ; ;849998; ; ; ; ; ; ; ; ; ; ; ; ; ; ; ; ; ; ; ; ; ;1; ; ; ; ; ; ; ; ; ; ; ;2,02E+11
Nazwa Projektu;1261;59;Agent.10;271217641;1;20210802;2;15:12:00;1711;29;462;3;CO;1;0;0;1;0;0; ;0;0;CO;1;0;PL; ;JA; ; ;32090515; ; ;84;101; ;50;9;9;2;4;9;9;4;1960;103;104;999;;;;;;;;;;101;105;106;108;;;;;;; ;99;100;CO; ; ;387471; ; ; ; ; ; ; ; ; ; ; ; ; ; ; ; ; ; ; ; ; ;1; ;justo sed ex sed euismod nec In volutpat, et In non vulputate, ipsum odio dis lorem. sit ac lectus, nibh a ut. eu a justo Fu; ; ; ; ; ; ; ; ; ;2,02E+11
Nazwa Projektu;1271;45;Agent.02;456587056;1;20210802;2;10:16:00;1622;27;462;2;CO;1;0;0;1;0;0; ;0;0;CO;1;0;PL; ;JA; ; ;32090525; ; ;57;101; ;10;6;4;7;7;6;6;9;1972;104;105;999;;;;;;;;;;103;104;105;106;107;;;;;; ;99;100;CO; ; ;580076; ; ; ; ;558921447; ; ; ; ; ; ; ; ; ; ; ; ; ; ; ; ;1; ; ; ; ; ; ; ; ; ; ; ;2,02E+11
Nazwa Projektu;1272;53;Agent.06;123414216;1;20210729;5;11:49:00;1991;33;461;1;CO;1;0;0;1;0;0; ;0;0;CO;1;0;PL; ;JA; ; ;32090532; ; ;124;101; ;40;2;9;6;5;9;9;7;1979;102;103;108;101;112;;;;;;;;102;103;104;105;106;107;;;;; ;99;100;CO; ; ;993297; ; ; ; ; ; ; ; ; ; ; ; ; ; ; ; ; ; ; ; ; ;1; ; ; ; ; ; ; ; ; ; ; ; 
Nazwa Projektu;1279;45;Agent.02;753307742;1;20210804;4;14:22:00;1377;23;462;6;CO;1;0;0;1;0;0; ;0;0;CO;1;0;PL; ;JA; ; ;32090542; ; ;56;101; ;700,1;5;10;6;3;5;3;4;1986;104;104;999;;;;;;;;;;105;;;;;;;;;; ;99;100;CO; ; ;842375; ; ; ; ; ; ; ; ; ; ; ; ; ; ; ; ; ; ; ; ; ;1; ;eget in luctus, leo Vivamus aptent et orci metus vulputate consectetur. sodales at consectetur Lorem himenaeos. leo massa. i; ; ; ; ; ; ; ; ; ;2,02E+11
Nazwa Projektu;1280;55;Agent.07;731004338;1;20210729;5;11:57:00;1187;20;461;1;CO;1;0;0;1;0;0; ;0;0;CO;1;0;PL; ;JA; ; ;32090559; ; ;72;101; ;68;7;2;10;6;9;10;3;1975;104;103;101;108;117;;;;;;;;101;103;105;;;;;;;; ;99;100;CO; ; ;316904; ; ; ; ; ; ; ; ; ; ; ; ; ; ; ; ; ; ; ; ; ;1; ; ; ; ; ; ; ; ; ; ; ; 
Nazwa Projektu;1282;114;Agent.13;557494527;1;20210809;2;12:38:00;1912;32;462;7;CO;6;0;0;1;0;0; ;0;0;CO;1;0;PL; ;JA; ; ;32090574; ; ;34;101; ;330;9;7;8;5;8;7;1;1983;104;104;999;;;;;;;;;;103;104;106;107;;;;;;; ;99;100;CO; ; ;691546; ; ; ; ;521417516; ; ; ; ; ; ; ; ; ; ; ; ; ; ; ; ;1; ; ; ; ; ; ; ; ; ; ; ;2,02E+11
Nazwa Projektu;1286;45;Agent.02;450431116;1;20210730;6;14:38:00;1781;30;462;2;CO;1;0;0;1;0;0; ;0;0;CO;1;0;PL; ;JA; ; ;32090576; ; ;62;101; ;50;4;9;3;4;9;1;5;1956;104;102;999;;;;;;;;;;103;104;107;;;;;;;; ;99;100;CO; ; ;951731; ; ; ; ; ; ; ; ; ; ; ; ; ; ; ; ; ; ; ; ; ;1; ; ; ; ; ; ; ; ; ; ; ;2,02E+11
Nazwa Projektu;1287;57;Agent.09;129264364;1;20210730;6;10:23:00;3049;51;462;3;CO;3;0;0;1;0;0; ;0;0;CO;1;0;PL; ;JA; ; ;32090593; ; ;198;101; ;121;7;6;5;4;9;9;9;1974;103;105;112;106;101;108;117;105;;;;;102;103;104;106;107;;;;;; ;99;100;CO; ; ;827038; ; ; ; ;512321872; ; ; ; ; ; ; ; ; ; ; ; ; ; ; ; ;1; ; ; ; ; ; ; ; ; ; ; ; 
Nazwa Projektu;1288;114;Agent.13;16042832;1;20210730;6;09:25:00;1386;23;462;2;CO;1;0;0;1;0;0; ;0;0;CO;1;0;PL; ;JA; ; ;32090606; ; ;81;101; ;6;6;7;4;2;6;0;7;1977;103;104;999;;;;;;;;;;103;104;105;106;107;;;;;; ;99;100;CO; ; ;119109; ; ; ; ;478701418; ; ; ; ; ; ; ; ; ; ; ; ; ; ; ; ;1; ; ; ; ; ; ; ; ; ; ; ;2,02E+11
Nazwa Projektu;1291;57;Agent.09;638352663;1;20210803;3;11:45:00;1987;33;462;4;CO;2;0;0;1;0;0; ;0;0;CO;1;0;PL; ;JA; ; ;32090611; ; ;63;101; ;500;1;10;9;1;9;10;10;1963;104;104;105;113;;;;;;;;;101;102;104;105;106;107;108;;;; ;99;100;CO; ; ;974267; ; ; ; ; ; ; ; ; ; ; ; ; ; ; ; ; ; ; ; ; ;1; ;scelerisque lorem. convallis penatibus id, suscipit Fusce turpis scelerisque quam nec et euismod aliquam. Pellentesque Pelle;scelerisque lorem. convallis penatibus id, suscipit Fusce turpis scelerisque quam nec et euismod aliquam. Pellentesque; ; ; ; ; ; ; ; ;2,02E+11
Nazwa Projektu;1292;45;Agent.02;236823518;1;20210730;6;10:11:00;1855;31;462;2;CO;2;0;0;1;0;0; ;0;0;CO;1;0;PL; ;JA; ; ;32090650; ; ;275;101; ;125;1;3;5;10;7;8;6;1964;103;104;106;108;;;;;;;;;101;102;103;104;106;107;;;;; ;99;100;CO; ; ;169519; ; ; ; ;279564525; ; ; ; ; ; ; ; ; ; ; ; ; ; ; ; ;1; ; ; ; ; ; ; ; ; ; ; ; 
Nazwa Projektu;1293;47;Agent.03;496162179;1;20210730;6;13:12:00;1386;23;462;5;CO;4;0;0;1;0;0; ;0;0;CO;1;0;PL; ;LQ; ; ;32090653; ; ;69;101; ;420;6;8;5;6;6;10;9;1994;104;101;119;105;;;;;;;;;;;;;;;;;;; ;99;100;CO; ; ;809902; ; ; ; ; ; ; ; ; ; ; ; ; ; ; ; ; ; ; ; ; ;1; ;ipsum, vitae molestie id In quam quam luctus, lacinia. ullamcorper efficitur, parturient quam viverra euismod egestas sit to; ; ; ; ; ; ; ; ; ;2,02E+11
Nazwa Projektu;1294;57;Agent.09;248939389;1;20210730;6;15:19:00;1706;28;462;5;CO;1;0;0;1;0;0; ;0;0;CO;1;0;PL; ;JA; ; ;32090655; ; ;96;101; ;27;10;8;10;4;7;8;7;1990;104;102;108;105;102;101;;;;;;;101;102;103;104;105;106;107;;;; ;99;100;CO; ; ;849178; ; ; ; ; ; ; ; ; ; ; ; ; ; ; ; ; ; ; ; ; ;1; ;neque Proin ac elementum lobortis fringilla dui felis. erat Cras In eget luctus. lorem. vel, massa. faucibus a sagittis.;neque Proin ac elementum lobortis fringilla dui felis. erat Cras In eget luctus. lorem. vel, massa. faucibus a sagitti; ; ; ; ; ; ; ; ;2,02E+11
Nazwa Projektu;1295;59;Agent.10;645726512;1;20210730;6;15:58:00;1482;25;462;5;CO;2;0;0;1;0;0; ;0;0;CO;1;0;PL; ;JA; ; ;32090661; ; ;78;101; ;180;2;5;1;2;4;8;2;1985;104;104;101;108;102;;;;;;;;101;105;106;108;;;;;;; ;99;100;CO; ; ;414194; ; ; ; ;465444784; ; ; ; ; ; ; ; ; ; ; ; ; ; ; ; ;1; ;ornare quam leo est, porttitor Fusce adipiscing vestibulum a odio lorem. dolor nisl scelerisque. Lorem felis. tempus sceleri; ; ; ; ; ; ; ; ; ;2,02E+11
Nazwa Projektu;1301;57;Agent.09;171956714;1;20210803;3;12:22:00;1833;31;462;6;CO;2;0;0;1;0;0; ;0;0;CO;1;0;PL; ;JA; ; ;32090673; ; ;133;101; ;315;10;7;8;1;4;10;10;1988;104;104;105;108;;;;;;;;;101;102;103;104;105;106;107;108;;; ;99;100;CO; ; ;892618; ; ; ; ;274043845; ; ; ; ; ; ; ; ; ; ; ; ; ; ; ; ;1; ;amet, aliquet facilisis tortor vitae neque, ad cursus per Donec Sed diam neque sed ornare sapien, turpis sagittis diam himen; ; ; ; ; ; ; ; ; ;2,02E+11
Nazwa Projektu;1304;57;Agent.09;625825306;1;20210805;5;16:24:00;1777;30;462;7;CO;5;0;0;1;0;0; ;0;0;CO;1;0;PL; ;JA; ; ;32090684; ; ;56;101; ;35;4;4;2;9;2;9;4;1984;104;104;104;108;101;102;117;112;113;;;;102;103;104;105;106;107;;;;; ;99;100;CO; ; ;222494; ; ; ; ;182426146; ; ; ; ; ; ; ; ; ; ; ; ; ; ; ; ;1; ;est. sapien et tincidunt in quis Fusce ullamcorper amet venenatis. in. ullamcorper dolor laoreet facilisis; ; ; ; ; ; ; ; ; ;2,02E+11
Nazwa Projektu;1311;47;Agent.03;571102753;1;20210730;6;12:47:00;1428;24;462;4;CO;3;0;0;1;0;0; ;0;0;CO;1;0;PL; ;LQ; ; ;32090697; ; ;166;101; ;126;2;8;8;2;7;5;9;1989;103;104;999;;;;;;;;;;102;103;105;106;;;;;;; ;99;100;CO; ; ;338518; ; ; ; ; ; ; ; ; ; ; ; ; ; ; ; ; ; ; ; ; ;1; ;lobortis. volutpat, a id dui. nisl amet, parturient tincidunt placerat. sem quam scelerisque. Suspendisse mattis diam sollic; ; ; ; ; ; ; ; ; ;2,02E+11
Nazwa Projektu;1316;57;Agent.09;734803984;1;20210805;5;15:54:00;1712;29;462;15;CO;7;0;0;1;0;0; ;0;0;CO;1;0;PL; ;LQ; ; ;32090700; ; ;4;101; ;156,01;4;1;7;4;10;10;7;1960;104;104;999;;;;;;;;;;101;102;103;105;106;107;108;;;; ;99;100;CO; ; ;452020; ; ; ; ;245766345; ; ; ; ; ; ; ; ; ; ; ; ; ; ; ; ;1; ;dui Vivamus Phasellus malesuada diam ipsum, Suspendisse quam nulla consectetur facilisis blandit Cras in malesuada facilisis; ; ; ; ; ; ; ; ; ;2,02E+11
Nazwa Projektu;1319;51;Agent.05;561068728;1;20210802;2;11:04:00;1761;29;462;5;CO;1;0;0;1;0;0; ;0;0;CO;1;0;PL; ;JA; ; ;32090745; ; ;68;101; ;130;9;3;5;7;9;9;7;1968;104;103;117;108;101;102;;;;;;;102;104;106;107;;;;;;; ;99;100;CO; ; ;571017; ; ; ; ;831795942; ; ; ; ; ; ; ; ; ; ; ; ; ; ; ; ;1; ;sit ultrices, metus, condimentum. ultrices, et sapien. amet sed vel lorem. eleifend quis Donec porta; ; ; ; ; ; ; ; ; ;2,02E+11
Nazwa Projektu;1322;47;Agent.03;331433743;1;20210805;5;11:33:00;837;14;462;7;CO;5;0;0;1;0;0; ;0;0;CO;1;0;PL; ;JA; ; ;32090749; ; ;22;101; ;65;8;8;6;4;4;7;7;1959;103;104;999;;;;;;;;;;101;102;103;104;105;106;108;;;; ;99;100;CO; ; ;424617; ; ; ; ; ; ; ; ; ; ; ; ; ; ; ; ; ; ; ; ; ;1; ;a ante. Praesent massa. auctor Phasellus vitae felis. suscipit elementum, venenatis. odio scelerisque ad laoreet eu. Curabit;a ante. Praesent massa. auctor Phasellus vitae felis. suscipit elementum, venenatis. odio scelerisque ad laoreet eu. C;a ante. Praesent massa. auctor Phasellus vitae felis. suscipit elementum, venenatis. odio scelerisque ad laoreet eu. C;a ante. Praesent massa. auctor Phasellus vitae felis. suscipit elementum, venenatis. odio scelerisque ad laoreet e; ; ; ; ; ; ;2,02E+11
Nazwa Projektu;1323;45;Agent.02;874465209;1;20210809;2;14:04:00;1211;20;462;10;CO;2;0;0;1;0;0; ;0;0;CO;1;0;PL; ;JA; ; ;32090760; ; ;4;101; ;170;8;4;9;9;6;10;10;1991;104;104;999;;;;;;;;;;;;;;;;;;;; ;99;100;CO; ; ;654215; ; ; ; ; ;500548913; ; ; ; ; ; ; ; ; ; ; ; ; ; ; ;1; ; ; ; ; ; ; ; ; ; ; ;2,02E+11
Nazwa Projektu;1327;45;Agent.02;832750625;1;20210730;6;08:01:00;3536;59;462;2;CO;1;0;0;1;0;0; ;0;0;CO;1;0;PL; ;JA; ; ;32090767; ; ;662;101; ;31;9;6;9;6;8;8;7;1961;104;102;999;;;;;;;;;;102;103;104;105;106;107;;;;; ;99;100;CO; ; ;837502; ; ; ; ;657726768; ; ; ; ; ; ; ; ; ; ; ; ; ; ; ; ;1; ; ; ; ; ; ; ; ; ; ; ;2,02E+11
Nazwa Projektu;1329;57;Agent.09;162337334;1;20210804;4;15:48:00;1724;29;462;4;CO;3;0;0;1;0;0; ;0;0;CO;1;0;PL; ;JA; ; ;32090774; ; ;81;101; ;50;6;6;7;4;6;3;9;1987;102;104;103;115;;;;;;;;;103;104;105;106;107;;;;;; ;99;100;CO; ; ;330086; ; ; ; ;131292172; ; ; ; ; ; ; ; ; ; ; ; ; ; ; ; ;1; ;aliquam. tortor in commodo eget vel erat eleifend non interdum dui amet lobortis varius efficitur, aliquam. massa. dui non V; ; ; ; ; ; ; ; ; ;2,02E+11
Nazwa Projektu;1336;45;Agent.02;785687648;1;20210729;5;12:34:00;1801;30;461;1;CO;1;0;0;1;0;0; ;0;0;CO;1;0;PL; ;JA; ; ;32090782; ; ;125;101; ;7;10;7;0;1;6;9;1;1994;104;104;117;118;;;;;;;;;103;104;107;;;;;;;; ;99;100;CO; ; ;915673; ; ; ; ; ; ; ; ; ; ; ; ; ; ; ; ; ; ; ; ; ;1; ; ; ; ; ; ; ; ; ; ; ; 
Nazwa Projektu;1339;59;Agent.10;986172431;1;20210730;6;13:43:00;573;10;462;4;CO;3;0;0;1;0;0; ;0;0;CO;1;0;PL; ;LQ; ; ;32090797; ; ;96;101; ;8;10;7;10;2;3;7;9;1964;104;102;999;;;;;;;;;;101;103;104;105;;;;;;; ;99;100;CO; ; ;115301; ; ; ; ; ; ; ; ; ; ; ; ; ; ; ; ; ; ; ; ; ;1; ;amet, aliquet, auctor sed Curabitur eu vestibulum vehicula. erat fringilla natoque nisi. aliquam. ex sagittis mus. adipiscin; ; ; ; ; ; ; ; ; ;2,02E+11
Nazwa Projektu;1342;61;Agent.11;971451894;1;20210729;5;12:47:00;1563;26;461;1;CO;1;0;0;1;0;0; ;0;0;CO;1;0;PL; ;JA; ; ;32090802; ; ;92;101; ;5;3;10;1;7;9;9;9;1955;104;104;999;;;;;;;;;;101;102;;;;;;;;; ;99;100;CO; ; ;976780; ; ; ; ;358453464;672365844; ; ; ; ; ; ; ; ; ; ; ; ; ; ; ;1; ; ; ; ; ; ; ; ; ; ; ; 
Nazwa Projektu;1344;53;Agent.06;867181992;1;20210804;4;16:22:00;1500;25;462;6;CO;2;0;0;1;0;0; ;0;0;CO;1;0;PL; ;JA; ; ;32090820; ; ;90;101; ;450,1;7;6;2;6;9;9;4;1980;104;102;108;105;101;;;;;;;;101;102;103;105;106;108;;;;; ;99;100;CO; ; ;515813; ; ; ; ;316625348;672815069; ; ; ; ; ; ; ; ; ; ; ; ; ; ; ;1; ;egestas consectetur Donec volutpat, Cras in lectus sed libero luctus, Lorem ornare penatibus consectetur ultrices, eu amet,; ; ; ; ; ; ; ; ; ;2,02E+11
Nazwa Projektu;1356;114;Agent.13;888931339;1;20210802;2;11:31:00;1674;28;462;3;CO;2;0;0;1;0;0; ;0;0;CO;1;0;PL; ;JA; ; ;32090826; ; ;68;101; ;100;7;5;9;8;5;10;0;1957;104;101;106;105;102;101;116;;;;;;102;103;104;105;106;107;;;;; ;99;100;CO; ; ;971368; ; ; ; ;807474365; ; ; ; ; ; ; ; ; ; ; ; ; ; ; ; ;1; ; ; ; ; ; ; ; ; ; ; ;2,02E+11
Nazwa Projektu;1357;51;Agent.05;517744433;1;20210804;4;14:28:00;1617;27;462;9;CO;8;0;0;1;0;0; ;0;0;CO;1;0;PL; ;JA; ; ;32090843; ; ;82;101; ;55;9;10;3;7;2;8;3;1968;104;101;108;102;104;101;;;;;;;101;106;;;;;;;;; ;99;100;CO; ; ;732373; ; ; ; ;234312324; ; ; ; ; ; ; ; ; ; ; ; ; ; ; ; ;1; ;venenatis. Cras elit. vel lacinia felis, at penatibus orci id Etiam bibendum condimentum et scelerisque Praesent nostra, in;venenatis. Cras elit. vel lacinia felis, at penatibus orci id Etiam bibendum condimentum et scelerisque Praesent nostr; ; ; ; ; ; ; ; ;2,02E+11
Nazwa Projektu;1358;114;Agent.13;734151880;1;20210810;3;15:57:00;1651;28;462;6;CO;6;0;0;1;0;0; ;0;0;CO;1;0;PL; ;JA; ; ;32090850; ; ;72;101; ;200;3;4;2;9;9;10;9;1966;103;101;999;;;;;;;;;;102;103;104;105;106;107;;;;; ;99;100;CO; ; ;596924; ; ; ; ; ; ; ; ; ; ; ; ; ; ; ; ; ; ; ; ; ;1; ;lobortis. taciti elit. Fusce fringilla;lobortis. taciti elit. Fusce fringilla vestibulum lorem. sit massa. leo vestibulum platea non; ; ; ; ; ; ; ; ; 
Nazwa Projektu;1360;53;Agent.06;445486632;1;20210802;2;14:47:00;1558;26;462;4;CO;3;0;0;1;0;0; ;0;0;CO;1;0;PL; ;JA; ; ;32090866; ; ;107;101; ;406;1;4;5;7;2;5;9;1962;104;104;999;;;;;;;;;;101;105;108;;;;;;;; ;99;100;CO; ; ;467115; ; ; ; ; ; ; ; ; ; ; ; ; ; ; ; ; ; ; ; ; ;1; ;est. lobortis montes, tortor consectetur nisi. sit consectetur ad sed sociosqu Fusce luctus. in amet, elit. Proin Phasellus;est. lobortis montes, tortor consectetur nisi. sit consectetur ad sed sociosqu Fusce luctus. in amet, elit. Proin Phas; ; ; ; ; ; ; ; ;2,02E+11
Nazwa Projektu;1364;57;Agent.09;447925657;1;20210810;3;09:19:00;1488;25;462;8;CO;3;0;0;1;0;0; ;0;0;CO;1;0;PL; ;JA; ; ;32090884; ; ;62;101; ;100;7;9;10;5;4;10;2;1976;104;104;999;;;;;;;;;;101;102;;;;;;;;; ;99;100;CO; ; ;231054; ; ; ; ; ; ; ; ; ; ; ; ; ; ; ; ; ; ; ; ; ;1; ;Phasellus Fusce tortor a mauris lobortis tincidunt. dictumst. pellentesque finibus ad Donec a conubia non vulputate, at mus.;Phasellus Fusce tortor a mauris lobortis tincidunt. dictumst. pellentesque finibus ad Donec a conubia non vulputate, a;Phasellus Fusce tortor a mauris lobortis tincidunt. dictumst. pellentesque finibus ad Donec a conubia non vulputate, a; ; ; ; ; ; ; ;2,02E+11
Nazwa Projektu;1368;55;Agent.07;263963465;1;20210730;6;14:33:00;983;16;462;3;CO;2;0;0;1;0;0; ;0;0;CO;1;0;PL; ;LQ; ; ;32090889; ; ;196;101; ;22;8;6;1;7;7;9;5;1971;103;105;108;101;;;;;;;;;102;103;104;107;;;;;;; ;99;100;CO; ; ;857921; ; ; ; ; ; ; ; ; ; ; ; ; ; ; ; ; ; ; ; ; ;1; ;erat in eget pellentesque Fusce ultrices, ut Class vehicula. conubia vel, semper amet, et per ad in. vel sit In lectus, mont;erat in eget pellentesque Fusce ultrices, ut Class vehicula. conubia vel, semper amet, et per ad in. vel sit In; ; ; ; ; ; ; ; ;2,02E+11
Nazwa Projektu;1371;51;Agent.05;831246502;1;20210806;6;14:49:00;1607;27;462;7;CO;1;0;0;1;0;0; ;0;0;CO;1;0;PL; ;JA; ; ;32090896; ; ;128;101; ;45;10;3;3;4;8;3;1;1973;104;105;999;;;;;;;;;;101;102;103;104;105;106;107;108;;; ;99;100;CO; ; ;307140; ; ; ; ;631651124; ; ; ; ; ; ; ; ; ; ; ; ; ; ; ; ;1; ;ut. ante. suscipit turpis, tincidunt sociosqu condimentum In consectetur. Donec sociosqu lorem. nec commodo, lorem.; ; ; ; ; ; ; ; ; ;2,02E+11
Nazwa Projektu;1375;53;Agent.06;454596732;1;20210802;2;15:19:00;1607;27;462;4;CO;3;0;0;1;0;0; ;0;0;CO;1;0;PL; ;JA; ; ;32090899; ; ;75;101; ;22,55;5;0;3;3;10;2;9;1984;104;101;102;115;;;;;;;;;101;103;106;108;;;;;;; ;99;100;CO; ; ;293990; ; ; ; ; ; ; ; ; ; ; ; ; ; ; ; ; ; ; ; ; ;1; ;ex egestas mus. elit, malesuada quam. condimentum sapien Donec erat sodales venenatis a velit condimentum Donec laoreet diam; ; ; ; ; ; ; ; ; ;2,02E+11
Nazwa Projektu;1377;114;Agent.13;534425052;1;20210803;3;10:53:00;561;9;462;6;CO;4;0;0;1;0;0; ;0;0;CO;1;0;PL; ;LQ; ; ;32090904; ; ;61;101; ;10;10;9;6;0;5;1;7;1966;104;101;108;101;102;104;;;;;;;101;102;103;104;105;107;;;;; ;99;100;CO; ; ;103716; ; ; ; ;844334164; ; ; ; ; ; ; ; ; ; ; ; ; ; ; ; ;1; ; ; ; ; ; ; ; ; ; ; ;2,02E+11
Nazwa Projektu;1382;114;Agent.13;225226665;1;20210804;4;09:07:00;1123;19;462;4;CO;4;0;0;1;0;0; ;0;0;CO;1;0;PL; ;JA; ; ;32090921; ; ;25;101; ;7;8;9;8;10;1;5;4;1971;104;105;101;103;108;;;;;;;;101;102;103;107;108;;;;;; ;99;100;CO; ; ;969684; ; ; ; ; ; ; ; ; ; ; ; ; ; ; ; ; ; ; ; ; ;1; ; ; ; ; ; ; ; ; ; ; ;2,02E+11
Nazwa Projektu;1387;55;Agent.07;100679868;1;20210802;2;17:05:00;1494;25;462;3;CO;1;0;0;1;0;0; ;0;0;CO;1;0;PL; ;JA; ; ;32090935; ; ;96;101; ;25;10;1;1;3;8;10;6;1995;104;104;101;108;104;106;103;118;;;;;103;104;106;107;;;;;;; ;99;100;CO; ; ;819581; ; ; ; ; ; ; ; ; ; ; ; ; ; ; ; ; ; ; ; ; ;1; ;felis. ad luctus. aptent Cras lorem. placerat. Vivamus a aptent condimentum. pretium orci gravida consequat sociosqu amet pr;felis. ad luctus. aptent Cras lorem. placerat. Vivamus a aptent condimentum. pretium orci gravida consequat sociosqu a; ; ; ; ; ; ; ; ;2,02E+11
Nazwa Projektu;1388;53;Agent.06;928542694;1;20210729;5;14:06:00;2461;41;461;1;CO;1;0;0;1;0;0; ;0;0;CO;1;0;PL; ;JA; ; ;32090979; ; ;134;101; ;70;9;8;5;2;9;2;7;1960;104;105;999;;;;;;;;;;103;104;105;106;107;;;;;; ;99;100;CO; ; ;157111; ; ; ; ; ; ; ; ; ; ; ; ; ; ; ; ; ; ; ; ; ;1; ; ; ; ; ; ; ; ; ; ; ; 
Nazwa Projektu;1393;61;Agent.11;799973681;1;20210730;6;11:22:00;2344;39;462;2;CO;2;0;0;1;0;0; ;0;0;CO;1;0;PL; ;JA; ; ;32091044; ; ;107;101; ;20;9;7;9;0;3;8;10;1976;101;104;108;102;101;105;;;;;;;101;107;;;;;;;;; ;99;100;CO; ; ;264475; ; ; ; ; ; ; ; ; ; ; ; ; ; ; ; ; ; ; ; ; ;1; ; ; ; ; ; ; ; ; ; ; ; 
Nazwa Projektu;1397;51;Agent.05;414622767;1;20210802;2;14:13:00;2200;37;462;6;CO;2;0;0;1;0;0; ;0;0;CO;1;0;PL; ;JA; ; ;32091048; ; ;116;101; ;670;3;4;2;9;9;2;10;1965;102;102;108;101;104;;;;;;;;103;105;106;107;;;;;;; ;99;100;CO; ; ;767985; ; ; ; ;433594404; ; ; ; ; ; ; ; ; ; ; ; ; ; ; ; ;1; ; ; ; ; ; ; ; ; ; ; ;2,02E+11
Nazwa Projektu;1399;114;Agent.13;565738724;1;20210806;6;10:23:00;1532;26;462;4;CO;4;0;0;1;0;0; ;0;0;CO;1;0;PL; ;JA; ; ;32091064; ; ;131;101; ;105;10;7;4;6;9;5;7;1984;104;104;119;105;;;;;;;;;101;102;103;104;105;106;107;108;;; ;99;100;CO; ; ;948002; ; ; ; ;364569003; ; ; ; ; ; ; ; ; ; ; ; ; ; ; ; ;1; ; ; ; ; ; ; ; ; ; ; ; 
Nazwa Projektu;1403;61;Agent.11;854334298;1;20210803;3;18:53:00;10;0;462;7;CO;3;0;0;1;0;0; ;0;0;CO;1;0;PL; ;LQ; ; ;32091077; ; ;33;101; ;1100;2;9;10;0;7;3;1;1983;104;104;108;101;118;116;105;103;;;;;103;105;106;107;108;;;;;; ;99;100;CO; ; ;584597; ; ; ; ; ; ; ; ; ; ; ; ; ; ; ; ; ; ; ; ; ;1; ;non Cras lorem. diam elit lacinia nisi. tempus dui ultrices, Phasellus elit. tincidunt maximus ad sed varius in sed taciti e; ; ; ; ; ; ; ; ; ;2,02E+11
Nazwa Projektu;1404;53;Agent.06;306562012;1;20210812;5;15:35:00;1764;29;462;15;CO;10;0;0;1;0;0; ;0;0;CO;1;0;PL; ;JA; ; ;32091095; ; ;124;101; ;6;6;7;1;1;5;4;8;1966;104;104;117;118;;;;;;;;;103;104;105;106;107;;;;;; ;99;100;CO; ; ;440628; ; ; ; ; ; ; ; ; ; ; ; ; ; ; ; ; ; ; ; ; ;1; ;condimentum. mattis auctor hac eget, vulputate, Aenean id venenatis. dui dolor blandit eu turpis, volutpat, orci. fringilla; ; ; ; ; ; ; ; ; ;2,02E+11
Nazwa Projektu;1406;55;Agent.07;23328297;1;20210730;6;16:16:00;1358;23;462;4;CO;2;0;0;1;0;0; ;0;0;CO;1;0;PL; ;JA; ; ;32091110; ; ;150;101; ;270;7;9;4;4;8;2;2;1958;104;103;108;105;106;101;;;;;;;;;;;;;;;;; ;99;100;CO; ; ;563413; ; ; ; ;44526552; ; ; ; ; ; ; ; ; ; ; ; ; ; ; ; ;1; ;vel justo Mauris mauris sit est. sollicitudin Fusce aptent eleifend placerat. quam gravida sapien. Cras commodo, ex Cras Cur;vel justo Mauris mauris sit est. sollicitudin Fusce aptent eleifend placerat. quam gravida sapien. Cras commodo, ex Cr; ; ; ; ; ; ; ; ;2,02E+11
Nazwa Projektu;1410;55;Agent.07;438730920;1;20210802;2;15:07:00;2213;37;462;5;CO;1;0;0;1;0;0; ;0;0;CO;1;0;PL; ;JA; ; ;32091112; ; ;66;101; ;25;9;7;10;5;7;5;5;1975;104;104;999;;;;;;;;;;101;102;108;;;;;;;; ;99;100;CO; ; ;398745; ; ; ; ; ; ; ; ; ; ; ; ; ; ; ; ; ; ; ; ; ;1; ;id Vivamus elit. tincidunt. conubia tortor placerat. felis, sem orci. amet condimentum et suscipit commodo, luctus, Suspendi;id Vivamus elit. tincidunt. conubia tortor placerat. felis, sem orci. amet condimentum et suscipit commodo, luctus, Su;id Vivamus elit. tincidunt. conubia tortor placerat. felis, sem orci. amet condimentum et suscipit commodo, luctus, Su; ; ; ; ; ; ; ;2,02E+11
Nazwa Projektu;1412;61;Agent.11;897635183;1;20210804;4;15:06:00;1277;21;462;3;CO;2;0;0;1;0;0; ;0;0;CO;1;0;PL; ;JA; ; ;32091114; ; ;55;101; ;290;9;9;3;5;2;9;1;1961;104;103;108;106;119;;;;;;;;101;102;103;105;108;;;;;; ;99;100;CO; ; ;516786; ; ; ; ;456746405; ; ; ; ; ; ; ; ; ; ; ; ; ; ; ; ;1; ;ultrices, viverra amet, parturient ac dictum sem in diam vel litora vitae massa. molestie elementum maximus taciti porttitor; ; ; ; ; ; ; ; ; ;2,02E+11
Nazwa Projektu;1413;51;Agent.05;752794142;1;20210729;5;14:17:00;3365;56;461;1;CO;1;0;0;1;0;0; ;0;0;CO;1;0;PL; ;JA; ; ;32091126; ; ;112;101; ;167;8;2;9;4;9;8;4;1961;104;103;999;;;;;;;;;;101;105;106;108;;;;;;; ;99;100;CO; ; ;926594; ; ; ; ; ; ; ; ; ; ; ; ; ; ; ; ; ; ; ; ; ;1; ; ; ; ; ; ; ; ; ; ; ; 
Nazwa Projektu;1415;61;Agent.11;36643252;1;20210805;5;15:03:00;2040;34;462;12;CO;2;0;0;1;0;0; ;0;0;CO;1;0;PL; ;LQ; ; ;32091132; ; ;92;101; ;67;7;2;8;10;4;5;4;1966;104;103;999;;;;;;;;;;101;102;103;104;105;106;107;108;;; ;99;100;CO; ; ;931522; ; ; ; ; ; ; ; ; ; ; ; ; ; ; ; ; ; ; ; ; ;1; ;pretium et egestas natoque quis ridiculus quam facilisis. at in est In non vel, maximus mauris tempus diam interdum eu. scel; ; ; ; ; ; ; ; ; ;2,02E+11
Nazwa Projektu;1419;47;Agent.03;225552498;1;20210730;6;16:40:00;2086;35;462;2;CO;1;0;0;1;0;0; ;0;0;CO;1;0;PL; ;JA; ; ;32091169; ; ;222;101; ;10;9;10;1;1;10;8;7;1975;104;103;108;101;105;102;;;;;;;101;102;103;104;105;106;107;108;;; ;99;100;CO; ; ;312004; ; ; ; ; ; ; ; ; ; ; ; ; ; ; ; ; ; ; ; ; ;1; ;non ultrices, in elementum Mauris condimentum. leo In Pellentesque quam Fusce ultrices, ultrices, aliquet, ornare elit, et P; ; ; ; ; ; ; ; ; ;2,02E+11
Nazwa Projektu;1424;114;Agent.13;27842855;1;20210803;3;16:45:00;2132;36;462;5;CO;1;0;0;1;0;0; ;0;0;CO;1;0;PL; ;JA; ; ;32091186; ; ;69;101; ;1350;5;2;4;8;6;10;9;1970;104;104;115;108;;;;;;;;;;;;;;;;;;; ;99;100;CO; ; ;744940; ; ; ; ;631536327; ; ; ; ; ; ; ; ; ; ; ; ; ; ; ; ;1; ;dapibus lacinia felis. velit dui sed quam sagittis Lorem et ornare ipsum Integer dictum Fusce mus. nulla sed tortor; ; ; ; ; ; ; ; ; ;2,02E+11
Nazwa Projektu;1430;61;Agent.11;284616266;1;20210805;5;14:02:00;1216;20;462;6;CO;3;0;0;1;0;0; ;0;0;CO;1;0;PL; ;LQ; ; ;32091209; ; ;58;101; ;3500;8;8;1;1;9;9;1;1971;104;105;103;108;101;102;106;;;;;;102;103;104;106;107;;;;;; ;99;100;CO; ; ;755101; ; ; ; ; ; ; ; ; ; ; ; ; ; ; ; ; ; ; ; ; ;1; ; ; ; ; ; ; ; ; ; ; ;2,02E+11
Nazwa Projektu;1438;61;Agent.11;735233172;1;20210810;3;14:22:00;548;9;462;18;CO;17;0;0;1;0;0; ;0;0;CO;1;0;PL; ;LQ; ; ;32091219; ; ;88;101; ;200;7;8;9;2;4;8;9;1981;103;102;999;;;;;;;;;;103;104;107;108;;;;;;; ;99;100;CO; ; ;387796; ; ; ; ; ; ; ; ; ; ; ; ; ; ; ; ; ; ; ; ; ;1; ;sapien. condimentum. convallis Praesent quam sed scelerisque. metus, euismod a laoreet quis pellentesque Fusce malesuada a c;sapien. condimentum. convallis Praesent quam sed scelerisque. metus, euismod a laoreet quis pellentesque Fusce malesua;sapien. condimentum. convallis Praesent quam sed scelerisque. metus, euismod a laoreet quis pellentesque Fusce malesua; ; ; ; ; ; ; ;2,02E+11
Nazwa Projektu;1439;114;Agent.13;142404867;1;20210730;6;14:40:00;1844;31;462;4;CO;2;0;0;1;0;0; ;0;0;CO;1;0;PL; ;JA; ; ;32091239; ; ;154;101; ;35,6;1;8;6;9;8;10;1;1969;103;103;115;108;114;112;117;;;;;;103;105;106;;;;;;;; ;99;100;CO; ; ;844683; ; ; ; ; ; ; ; ; ; ; ; ; ; ; ; ; ; ; ; ; ;1; ; ; ; ; ; ; ; ; ; ; ;2,02E+11
Nazwa Projektu;1440;59;Agent.10;924074570;1;20210809;2;11:07:00;2008;33;462;7;CO;2;0;0;1;0;0; ;0;0;CO;1;0;PL; ;JA; ; ;32091245; ; ;256;101; ;100,1;8;3;10;8;8;4;4;1982;104;103;112;;;;;;;;;;;;;;;;;;;; ;99;100;CO; ; ;539998; ; ; ; ;835687915; ; ; ; ; ; ; ; ; ; ; ; ; ; ; ; ;1; ;amet adipiscing eu lorem. per natoque auctor mattis habitasse a lobortis libero velit, erat Fusce tincidunt blandit mattis e;amet adipiscing eu lorem. per natoque auctor mattis habitasse a lobortis libero velit, erat Fusce tincidunt blandit ma; ; ; ; ; ; ; ; ;2,02E+11
Nazwa Projektu;1442;63;Agent.12;487512058;1;20210729;5;14:32:00;1834;31;461;1;CO;1;0;0;1;0;0; ;0;0;CO;1;0;PL; ;JA; ; ;32091251; ; ;138;101; ;500;4;9;1;7;10;2;9;1978;104;105;111;;;;;;;;;;101;102;103;104;105;106;108;;;; ;99;100;CO; ; ;817831; ; ; ; ;724474176; ; ; ; ; ; ; ; ; ; ; ; ; ; ; ; ;1; ; ; ; ; ; ; ; ; ; ; ; 
Nazwa Projektu;1450;47;Agent.03;337113428;1;20210805;5;15:15:00;2266;38;462;7;CO;3;0;0;1;0;0; ;0;0;CO;1;0;PL; ;JA; ; ;32091257; ; ;83;101; ;20;2;9;6;4;3;10;6;1972;104;103;999;;;;;;;;;;101;102;103;104;105;106;107;108;;; ;99;100;CO; ; ;448733; ; ; ; ; ; ; ; ; ; ; ; ; ; ; ; ; ; ; ; ; ;1; ;lectus, Proin litora dui ornare luctus, sed turpis vel vitae condimentum libero sit suscipit non ut vestibulum ut nec adipis; ; ; ; ; ; ; ; ; ;2,02E+11
Nazwa Projektu;1451;61;Agent.11;845650843;1;20210802;2;16:59:00;1812;30;462;3;CO;1;0;0;1;0;0; ;0;0;CO;1;0;PL; ;JA; ; ;32091271; ; ;92;101; ;100;9;7;6;8;9;9;10;1983;103;102;117;108;101;102;;;;;;;102;103;104;105;106;107;;;;; ;99;100;CO; ; ;871501; ; ; ; ;941264751; ; ; ; ; ; ; ; ; ; ; ; ; ; ; ; ;1; ;tortor eu erat erat bibendum scelerisque pretium mus. magnis Orci orci amet in orci tortor volutpat, Nullam est, cursus; ; ; ; ; ; ; ; ; ;2,02E+11
Nazwa Projektu;1458;61;Agent.11;610555519;1;20210804;4;16:24:00;2085;35;462;3;CO;3;0;0;1;0;0; ;0;0;CO;1;0;PL; ;JA; ; ;32091278; ; ;233;101; ;950;9;9;9;6;4;3;7;1981;104;105;105;108;;;;;;;;;;;;;;;;;;; ;99;100;CO; ; ;739488; ; ; ; ;218581737; ; ; ; ; ; ; ; ; ; ; ; ; ; ; ; ;1; ; ; ; ; ; ; ; ; ; ; ; 
Nazwa Projektu;1462;57;Agent.09;830212371;1;20210730;6;13:38:00;0;0;462;6;CO;1;0;0;1;0;0; ;0;0; ;1;0;PL; ;JA; ; ;32091292; ; ;48;101; ;5;2;7;0;8;10;9;9;1975;104;101;101;108;;;;;;;;;101;103;104;105;106;107;108;;;; ;99;100;CO; ; ;509255; ; ; ; ;868138850; ; ; ; ; ; ; ; ; ; ; ; ; ; ; ; ;1; ;tellus vitae Phasellus non In Class eleifend condimentum leo. eu nulla volutpat, odio id, non Donec convallis dui a diam; ; ; ; ; ; ; ; ; ;2,02E+11
Nazwa Projektu;1469;59;Agent.10;736427617;1;20210802;2;11:02:00;1715;29;462;4;CO;1;0;0;1;0;0; ;0;0;CO;1;0;PL; ;JA; ; ;32091312; ; ;148;101; ;23,5;5;1;8;6;6;3;10;1971;104;104;104;105;106;108;;;;;;;103;105;106;107;;;;;;; ;99;100;CO; ; ;295463; ; ; ; ; ; ; ; ; ; ; ; ; ; ; ; ; ; ; ; ; ;1; ;In libero elit orci in condimentum adipiscing mattis nec a pretium interdum In condimentum. penatibus velit, euismod Fusce p; ; ; ; ; ; ; ; ; ;2,02E+11
Nazwa Projektu;1475;57;Agent.09;509173483;1;20210729;5;14:56:00;1741;29;461;1;CO;1;0;0;1;0;0; ;0;0;CO;1;0;PL; ;JA; ; ;32091322; ; ;133;101; ;220;9;10;5;1;1;10;3;1977;103;103;108;105;;;;;;;;;102;104;105;;;;;;;; ;99;100;CO; ; ;424463; ; ; ; ; ; ; ; ; ; ; ; ; ; ; ; ; ; ; ; ; ;1; ; ; ; ; ; ; ; ; ; ; ; 
Nazwa Projektu;1476;47;Agent.03;897651216;1;20210730;6;09:30:00;1903;32;462;2;CO;2;0;0;1;0;0; ;0;0;CO;1;0;PL; ;JA; ; ;32091326; ; ;97;101; ;1000;7;7;7;3;1;7;9;1966;104;102;117;108;101;102;;;;;;;102;105;107;;;;;;;; ;99;100;CO; ; ;738221; ; ; ; ;842235965; ; ; ; ; ; ; ; ; ; ; ; ; ; ; ; ;1; ;ornare leo. turpis vehicula. lobortis. ipsum, in vel sociosqu tellus eu. adipiscing adipiscing adipiscing non Fusce velit, i; ; ; ; ; ; ; ; ; ; 
Nazwa Projektu;1477;114;Agent.13;758130532;1;20210809;2;16:19:00;2801;47;462;8;CO;5;0;0;1;0;0; ;0;0;CO;1;0;PL; ;JA; ; ;32091332; ; ;89;101; ;5;10;9;4;5;0;10;4;1976;104;102;108;106;101;103;112;;;;;;101;102;103;104;105;106;107;108;;; ;99;100;CO; ; ;149228; ; ; ; ;61538412; ; ; ; ; ; ; ; ; ; ; ; ; ; ; ; ;1; ;tempus Curabitur Vivamus vel neque, scelerisque lorem. ut ipsum nisl lorem. lacinia orci ut Cras dictumst. euismod dapibus,;tempus Curabitur Vivamus vel neque, scelerisque lorem. ut ipsum nisl lorem. lacinia orci ut Cras dictumst.;tempus Curabitur Vivamus vel neque, scelerisque lorem. ut ipsum nisl lorem. lacinia orci ut Cras dictumst. euismod dap; ; ; ; ; ; ; ;2,02E+11
Nazwa Projektu;1485;63;Agent.12;219650770;1;20210804;4;15:08:00;1444;24;462;8;CO;1;0;0;1;0;0; ;0;0;CO;1;0;PL; ;JA; ; ;32091334; ; ;90;101; ;28;9;7;4;9;9;9;7;1982;103;103;115;;;;;;;;;;103;104;106;107;;;;;;; ;99;100;CO; ; ;311793; ; ; ; ;796205141; ; ; ; ; ; ; ; ; ; ; ; ; ; ; ; ;1; ;pretium commodo, scelerisque vestibulum et dictum quis Aliquam tincidunt tincidunt orci. lorem. euismod et sollicitudin vita; ; ; ; ; ; ; ; ; ;2,02E+11
Nazwa Projektu;1486;51;Agent.05;728338675;1;20210804;4;13:55:00;1770;30;462;5;CO;2;0;0;1;0;0; ;0;0;CO;1;0;PL; ;JA; ; ;32091338; ; ;68;101; ;1000;9;9;8;3;10;8;9;1987;104;104;117;;;;;;;;;;102;103;105;106;107;;;;;; ;99;100;CO; ; ;277990; ; ; ; ;819935815; ; ; ; ; ; ; ; ; ; ; ; ; ; ; ; ;1; ;suscipit faucibus tortor eu convallis himenaeos. euismod lacinia. quam et molestie non sagittis; ; ; ; ; ; ; ; ; ;2,02E+11
Nazwa Projektu;1488;63;Agent.12;664616018;1;20210730;6;18:17:00;1467;24;462;2;CO;1;0;0;1;0;0; ;0;0;CO;1;0;PL; ;JA; ; ;32091341; ; ;85;101; ;123;3;6;1;5;3;10;9;1962;104;104;102;108;112;101;;;;;;;101;102;103;104;107;108;;;;; ;99;100;CO; ; ;881633; ; ; ; ;6444418; ; ; ; ; ; ; ; ; ; ; ; ; ; ; ; ;1; ; ; ; ; ; ; ; ; ; ; ;2,02E+11
Nazwa Projektu;1490;63;Agent.12;794777877;1;20210730;6;17:04:00;1499;25;462;3;CO;2;0;0;1;0;0; ;0;0;CO;1;0;PL; ;JA; ; ;32091415; ; ;76;101; ;110;8;2;9;3;8;9;10;1973;103;105;108;101;;;;;;;;;102;104;106;107;;;;;;; ;99;100;CO; ; ;868152; ; ; ; ; ; ; ; ; ; ; ; ; ; ; ; ; ; ; ; ; ;1; ;nascetur In Orci laoreet interdum convallis ornare at orci quis inceptos egestas interdum amet, sit platea porta vehicula. a; ; ; ; ; ; ; ; ; ;2,02E+11
Nazwa Projektu;1491;51;Agent.05;143201168;1;20210730;6;10:13:00;2618;44;462;1;CO;1;0;0;1;0;0; ;0;0;CO;1;0;PL; ;JA; ; ;32091418; ; ;91;101; ;100;9;8;10;8;5;8;9;1968;104;104;108;105;;;;;;;;;101;102;103;104;105;106;107;108;;; ;99;100;CO; ; ;783514; ; ; ; ; ; ; ; ; ; ; ; ; ; ; ; ; ; ; ; ; ; ; ;taciti sapien. est Fusce lacinia. justo porttitor taciti Sed in condimentum quam Fusce sit ultrices, Fusce euismod aliquam.; ; ; ; ; ; ; ; ; ; 
Nazwa Projektu;1501;63;Agent.12;861022831;1;20210802;2;14:14:00;1705;28;462;3;CO;1;0;0;1;0;0; ;0;0;CO;1;0;PL; ;JA; ; ;32091426; ; ;55;101; ;154;9;8;10;6;7;9;3;1966;104;105;104;114;105;108;;;;;;;102;103;104;107;;;;;;; ;99;100;CO; ; ;613483; ; ; ; ; ; ; ; ; ; ; ; ; ; ; ; ; ; ; ; ; ;1; ; ; ; ; ; ; ; ; ; ; ;2,02E+11
Nazwa Projektu;1503;59;Agent.10;128273587;1;20210811;4;09:52:00;1243;21;462;4;CO;3;0;0;1;0;0; ;0;0;CO;1;0;PL; ;JA; ; ;32091428; ; ;174;101; ;90;6;10;7;4;2;1;3;1967;104;103;108;101;;;;;;;;;101;102;;;;;;;;; ;99;100;CO; ; ;555705; ; ; ; ;511527603; ; ; ; ; ; ; ; ; ; ; ; ; ; ; ; ;1; ;a velit ipsum interdum sed eu in. inceptos convallis gravida tellus id, vulputate, per et Nullam ut eu. Vivamus luctus. In C; ; ; ; ; ; ; ; ; ;2,02E+11
Nazwa Projektu;1504;47;Agent.03;980095875;1;20210730;6;11:17:00;392;7;462;2;CO;2;0;0;1;0;0; ;0;0;CO;1;0;PL; ;LQ; ; ;32091432; ; ;384;101; ;103;8;6;8;1;3;8;9;1967;104;102;999;;;;;;;;;;101;102;103;104;105;107;;;;; ;99;100;CO; ; ;462665; ; ; ; ;652566598; ; ; ; ; ; ; ; ; ; ; ; ; ; ; ; ;1; ;aliquam. mus. Suspendisse Fusce id vehicula. Cras suscipit vestibulum nisi. Etiam ut In id aliquet, sit eu hac consequat sap; ; ; ; ; ; ; ; ; ;2,02E+11
Nazwa Projektu;1508;63;Agent.12;847593477;1;20210802;2;11:35:00;3445;57;462;4;CO;2;0;0;1;0;0; ;0;0;CO;1;0;PL; ;JA; ; ;32091434; ; ;1337;101; ;165;6;4;9;9;6;10;9;1976;104;103;108;101;104;103;;;;;;;101;102;103;104;105;106;107;108;;; ;99;100;CO; ; ;977776; ; ; ; ; ; ; ; ; ; ; ; ; ; ; ; ; ; ; ; ; ;1; ; ; ; ; ; ; ; ; ; ; ;2,02E+11
Nazwa Projektu;1514;114;Agent.13;626571056;1;20210812;5;15:35:00;2458;41;462;11;CO;8;0;0;1;0;0; ;0;0;CO;1;0;PL; ;JA; ; ;32091444; ; ;45;101; ;30,5;10;8;9;4;6;8;9;1989;104;104;108;107;102;113;118;112;106;;;;101;102;103;104;105;106;107;108;;; ;99;100;CO; ; ;480554; ; ; ; ; ; ; ; ; ; ; ; ; ; ; ; ; ; ; ; ; ;1; ;metus, conubia ad egestas maximus euismod porta et scelerisque tortor velit et laoreet lacinia lorem. nec eu himenaeos.; ; ; ; ; ; ; ; ; ;2,02E+11
Nazwa Projektu;1525;63;Agent.12;203030987;1;20210803;3;09:46:00;1461;24;462;5;CO;1;0;0;1;0;0; ;0;0;CO;1;0;PL; ;JA; ; ;32091452; ; ;57;101; ;50;9;9;7;3;10;9;3;1936;104;104;999;;;;;;;;;;103;104;106;107;;;;;;; ;99;100;CO; ; ;378696; ; ; ; ; ; ; ; ; ; ; ; ; ; ; ; ; ; ; ; ; ;1; ;ad velit, ad massa. scelerisque. per mi viverra auctor Mauris tortor sed lobortis et faucibus et leo erat ornare egestas dui; ; ; ; ; ; ; ; ; ;2,02E+11
Nazwa Projektu;1529;59;Agent.10;153434123;1;20210730;6;11:31:00;1891;32;462;3;CO;2;0;0;1;0;0; ;0;0;CO;1;0;PL; ;JA; ; ;32091458; ; ;57;101; ;210;10;99;9;3;5;10;2;1966;104;102;108;;;;;;;;;;101;105;;;;;;;;; ;99;100;CO; ; ;348157; ; ; ; ; ; ; ; ; ; ; ; ; ; ; ; ; ; ; ; ; ;1; ;vel convallis ut felis. Curabitur nascetur porttitor commodo quam. orci tempus. dis nec odio odio vehicula. tempus non luctu; ; ; ; ; ; ; ; ; ;2,02E+11
Nazwa Projektu;1531;114;Agent.13;667717122;1;20210805;5;11:08:00;1631;27;462;3;CO;3;0;0;1;0;0; ;0;0;CO;1;0;PL; ;JA; ; ;32091460; ; ;102;101; ;101;9;3;2;6;6;6;8;1981;104;104;999;;;;;;;;;;;;;;;;;;;; ;99;100;CO; ; ;999539; ; ; ; ; ; ; ; ; ; ; ; ; ; ; ; ; ; ; ; ; ;1; ; ; ; ; ; ; ; ; ; ; ; 
Nazwa Projektu;1540;114;Agent.13;311163567;1;20210812;5;16:17:00;97;2;462;6;CO;3;0;0;1;0;0; ;0;0;CO;1;0;PL; ;JA; ; ;32091481; ; ;28;101; ;370;5;7;2;9;7;9;10;1954;104;104;104;114;106;108;;;;;;;101;102;104;105;106;108;;;;; ;99;100;CO; ; ;660271; ; ; ; ;384407444; ; ; ; ; ; ; ; ; ; ; ; ; ; ; ; ;1; ;orci montes, gravida nulla tortor Class Vivamus nisl et et eu quis sociosqu enim Integer vitae in Cras bibendum bibendum non; ; ; ; ; ; ; ; ; ;2,02E+11
Nazwa Projektu;1543;63;Agent.12;193476933;1;20210731;7;10:07:00;1458;24;462;4;CO;2;0;0;1;0;0; ;0;0;CO;1;0;PL; ;JA; ; ;32091495; ; ;58;101; ;200;6;9;1;1;1;7;6;1979;102;102;108;101;112;117;;;;;;;101;103;;;;;;;;; ;99;100;CO; ; ;553234; ; ; ; ; ; ; ; ; ; ; ; ; ; ; ; ; ; ; ; ; ;1; ; ; ; ; ; ; ; ; ; ; ;2,02E+11
Nazwa Projektu;1545;53;Agent.06;146648172;1;20210802;2;14:28:00;1124;19;462;4;CO;2;0;0;1;0;0; ;0;0;CO;1;0;PL; ;LQ; ; ;32091499; ; ;61;101; ;10;5;10;5;9;7;10;2;1971;104;104;112;;;;;;;;;;101;102;103;104;105;106;107;108;;; ;99;100;CO; ; ;463903; ; ; ; ; ; ; ; ; ; ; ; ; ; ; ; ; ; ; ; ; ;1; ; ; ; ; ; ; ; ; ; ; ;2,02E+11
Nazwa Projektu;1546;51;Agent.05;238412283;1;20210802;2;12:35:00;1909;32;462;8;CO;8;0;0;1;0;0; ;0;0;CO;1;0;PL; ;JA; ; ;32091509; ; ;39;101; ;48;3;3;5;7;10;9;4;1964;104;102;999;;;;;;;;;;101;102;105;108;;;;;;; ;99;100;CO; ; ;728822; ; ; ; ; ; ; ; ; ; ; ; ; ; ; ; ; ; ; ; ; ;1; ; ; ; ; ; ; ; ; ; ; ;2,02E+11
Nazwa Projektu;1548;47;Agent.03;118641527;1;20210806;6;10:16:00;1317;22;462;4;CO;3;0;0;1;0;0; ;0;0;CO;1;0;PL; ;JA; ; ;32091536; ; ;68;101; ;138;2;9;10;6;1;9;4;1982;104;105;114;102;101;;;;;;;;101;102;103;104;105;106;107;108;;; ;99;100;CO; ; ;172543; ; ; ; ; ; ; ; ; ; ; ; ; ; ; ; ; ; ; ; ; ;1; ;lorem. bibendum eu venenatis bibendum a sed Donec enim Fusce bibendum vitae non sociosqu elit. neque, lobortis lobortis ac C;lorem. bibendum eu venenatis bibendum a sed Donec enim Fusce bibendum vitae non sociosqu elit. neque, lobortis loborti; ; ; ; ; ; ; ; ;2,02E+11
Nazwa Projektu;1562;45;Agent.02;352832229;1;20210809;2;14:38:00;1978;33;462;9;CO;2;0;0;1;0;0; ;0;0;CO;1;0;PL; ;JA; ; ;32091552; ; ;438;101; ;8;10;2;8;5;0;6;1;1988;103;104;108;;;;;;;;;;103;104;105;106;107;;;;;; ;99;100;CO; ; ;104399; ; ; ; ;824312073; ; ; ; ; ; ; ; ; ; ; ; ; ; ; ; ;1; ;euismod metus, non lacinia tellus massa. non viverra libero porttitor pellentesque id, leo Donec aliquam. libero est. mi lac; ; ; ; ; ; ; ; ; ;2,02E+11
Nazwa Projektu;1567;59;Agent.10;518154848;1;20210730;6;15:13:00;2200;37;462;2;CO;1;0;0;1;0;0; ;0;0;CO;1;0;PL; ;JA; ; ;32091556; ; ;112;101; ;8;9;9;9;5;6;8;9;1992;104;104;108;105;;;;;;;;;101;107;;;;;;;;; ;99;100;CO; ; ;387041; ; ; ; ; ; ; ; ; ; ; ; ; ; ; ; ; ; ; ; ; ;1; ;neque, Orci enim sed Sed aliquet sapien. In est. in elementum condimentum aptent scelerisque cursus Aliquam vitae sed vestib; ; ; ; ; ; ; ; ; ;2,02E+11
Nazwa Projektu;1575;114;Agent.13;327243034;1;20210730;6;11:34:00;1496;25;462;1;CO;1;0;0;1;0;0; ;0;0;CO;1;0;PL; ;JA; ; ;32091586; ; ;105;101; ;550;10;4;4;3;7;5;3;1975;104;101;108;116;101;;;;;;;;102;103;104;105;106;;;;;; ;99;100;CO; ; ;369646; ; ; ; ; ; ; ; ; ; ; ; ; ; ; ; ; ; ; ; ; ;1; ; ; ; ; ; ; ; ; ; ; ; 
Nazwa Projektu;1578;63;Agent.12;497470158;1;20210730;6;15:11:00;3204;53;462;2;CO;1;0;0;1;0;0; ;0;0;CO;1;0;PL; ;JA; ; ;32091591; ; ;974;101; ;460;8;10;4;2;0;3;6;1960;104;104;103;108;101;102;106;;;;;;101;102;103;107;;;;;;; ;99;100;CO; ; ;184033; ; ; ; ; ; ; ; ; ; ; ; ; ; ; ; ; ; ; ; ; ;1; ; ; ; ; ; ; ; ; ; ; ;2,02E+11
Nazwa Projektu;1581;63;Agent.12;827958268;1;20210802;2;10:53:00;2262;38;462;4;CO;1;0;0;1;0;0; ;0;0;CO;1;0;PL; ;JA; ; ;32091598; ; ;124;101; ;124;10;7;2;9;10;9;10;1971;104;104;101;108;102;;;;;;;;101;102;103;104;106;;;;;; ;99;100;CO; ; ;416497; ; ; ; ;262840127; ; ; ; ; ; ; ; ; ; ; ; ; ; ; ; ;1; ; ; ; ; ; ; ; ; ; ; ;2,02E+11
Nazwa Projektu;1583;53;Agent.06;394586955;1;20210802;2;10:40:00;1579;26;462;3;CO;2;0;0;1;0;0; ;0;0;CO;1;0;PL; ;JA; ; ;32091623; ; ;47;101; ;65,1;10;10;5;4;3;7;5;1983;104;102;108;106;101;114;105;;;;;;103;104;105;106;107;;;;;; ;99;100;CO; ; ;840542; ; ; ; ; ; ; ; ; ; ; ; ; ; ; ; ; ; ; ; ; ;1; ; ; ; ; ; ; ; ; ; ; ;2,02E+11
Nazwa Projektu;1588;63;Agent.12;371153986;1;20210802;2;10:19:00;1839;31;462;5;CO;2;0;0;1;0;0; ;0;0;CO;1;0;PL; ;JA; ; ;32091637; ; ;93;101; ;8;9;4;4;2;9;3;9;1986;104;103;999;;;;;;;;;;102;104;105;107;;;;;;; ;99;100;CO; ; ;491664; ; ; ; ; ; ; ; ; ; ; ; ; ; ; ; ; ; ; ; ; ;1; ;non nisi. Lorem ipsum, euismod In sapien erat vitae Etiam Aliquam elit. amet, euismod malesuada Phasellus nisi. porttitor di;non nisi. Lorem ipsum, euismod In sapien erat vitae Etiam Aliquam elit. amet, euismod malesuada Phasellus nisi. portti; ; ; ; ; ; ; ; ;2,02E+11
Nazwa Projektu;1589;53;Agent.06;936185655;1;20210730;6;13:35:00;1659;28;462;2;CO;1;0;0;1;0;0; ;0;0;CO;1;0;PL; ;JA; ; ;32091639; ; ;86;101; ;75;7;4;3;6;6;9;9;1978;104;104;999;;;;;;;;;;101;102;103;104;105;106;107;108;;; ;99;100;CO; ; ;598617; ; ; ; ; ; ; ; ; ; ; ; ; ; ; ; ; ; ; ; ; ;1; ; ; ; ; ; ; ; ; ; ; ;2,02E+11
Nazwa Projektu;1591;55;Agent.07;414647821;1;20210812;5;13:25:00;1067;18;462;10;CO;4;0;0;1;0;0; ;0;0;CO;1;0;PL; ;JA; ; ;32091649; ; ;42;101; ;56;6;10;5;9;1;6;9;1990;104;104;999;;;;;;;;;;101;102;103;104;105;106;107;108;;; ;99;100;CO; ; ;235648; ; ; ; ; ; ; ; ; ; ; ; ; ; ; ; ; ; ; ; ; ;1; ;egestas Cras est, mus. quam lorem. nisi. tellus eu tincidunt sapien. dapibus odio metus Mauris odio orci posuere. tortor ege;egestas Cras est, mus. quam lorem. nisi. tellus eu tincidunt sapien. dapibus odio metus Mauris odio orci posuere. tort;egestas Cras est, mus. quam lorem. nisi. tellus eu tincidunt sapien. dapibus odio metus Mauris odio orci posuere. tort; ; ; ; ; ; ; ;2,02E+11
Nazwa Projektu;1593;55;Agent.07;219248321;1;20210730;6;11:45:00;2005;33;462;1;CO;1;0;0;1;0;0; ;0;0;CO;1;0;PL; ;JA; ; ;32091662; ; ;487;101; ;55,33;9;5;8;6;0;7;3;1980;104;103;999;;;;;;;;;;103;104;105;106;107;;;;;; ;99;100;CO; ; ;431657; ; ; ; ; ; ; ; ; ; ; ; ; ; ; ; ; ; ; ; ; ;1; ; ; ; ; ; ; ; ; ; ; ; 
Nazwa Projektu;1594;51;Agent.05;282274562;1;20210802;2;11:58:00;1792;30;462;2;CO;1;0;0;1;0;0; ;0;0;CO;1;0;PL; ;JA; ; ;32091664; ; ;105;101; ;600;6;9;3;4;7;7;4;1971;104;101;999;;;;;;;;;;103;;;;;;;;;; ;99;100;CO; ; ;748773; ; ; ; ; ; ; ; ; ; ; ; ; ; ; ; ; ; ; ; ; ;1; ; ; ; ; ; ; ; ; ; ; ;2,02E+11
Nazwa Projektu;1599;45;Agent.02;234593958;1;20210804;4;10:37:00;2036;34;462;9;CO;2;0;0;1;0;0; ;0;0;CO;1;0;PL; ;JA; ; ;32091668; ; ;9;101; ;2774;2;1;1;9;7;9;9;1988;104;105;114;101;;;;;;;;;101;102;103;104;106;107;;;;; ;99;100;CO; ; ;738074; ; ; ; ;362577786; ; ; ; ; ; ; ; ; ; ; ; ; ; ; ; ;1; ;vel orci pretium sagittis. Cras faucibus sagittis per sit malesuada est, litora elementum, elit. cursus viverra nec non comm; ; ; ; ; ; ; ; ; ;2,02E+11
Nazwa Projektu;1604;57;Agent.09;708776272;1;20210804;4;10:46:00;1316;22;462;3;CO;3;0;0;1;0;0; ;0;0;CO;1;0;PL; ;JA; ; ;32091681; ; ;119;101; ;100;9;1;9;7;4;9;9;1962;104;103;101;108;105;102;112;117;;;;;101;102;103;106;107;;;;;; ;99;100;CO; ; ;786010; ; ; ; ;875768338; ; ; ; ; ; ; ; ; ; ; ; ; ; ; ; ;1; ; ; ; ; ; ; ; ; ; ; ; 
Nazwa Projektu;1605;57;Agent.09;470348337;1;20210810;3;11:05:00;1282;21;462;12;CO;3;0;0;1;0;0; ;0;0;CO;1;0;PL; ;LQ; ; ;32091683; ; ;80;101; ;85;9;3;6;8;10;7;9;1956;104;103;999;;;;;;;;;;102;103;104;105;106;107;;;;; ;99;100;CO; ; ;923801; ; ; ; ;7106954; ; ; ; ; ; ; ; ; ; ; ; ; ; ; ; ;1; ;Integer laoreet vitae varius Phasellus in sapien. consectetur euismod malesuada Etiam erat sed In quam tincidunt ridiculus n;Integer laoreet vitae varius Phasellus in sapien. consectetur euismod malesuada Etiam erat sed In quam tincidunt ridic;Integer laoreet vitae varius Phasellus in sapien. consectetur euismod malesuada Etiam erat sed In quam tincidunt ridic;Integer laoreet vitae varius Phasellus in sapien. consectetur euismod malesuada Etiam erat sed In quam tincidunt r; ; ; ; ; ; ;2,02E+11
Nazwa Projektu;1612;53;Agent.06;219776978;1;20210730;6;13:32:00;99;2;462;2;CO;2;0;0;1;0;0; ;0;0;CO;1;0;PL; ;JA; ; ;32091692; ; ;62;101; ;62;8;5;1;1;2;8;2;1958;104;102;104;114;106;108;;;;;;;;;;;;;;;;; ;99;100;CO; ; ;961340; ; ; ; ;852364800; ; ; ; ; ; ; ; ; ; ; ; ; ; ; ; ;1; ; ; ; ; ; ; ; ; ; ; ; 
Nazwa Projektu;1615;63;Agent.12;886311856;1;20210730;6;16:05:00;1502;25;462;4;CO;1;0;0;1;0;0; ;0;0;CO;1;0;PL; ;JA; ; ;32091704; ; ;69;101; ;321;10;4;7;4;5;9;6;1977;104;104;108;101;104;103;;;;;;;102;105;106;107;;;;;;; ;99;100;CO; ; ;447502; ; ; ; ;751465857; ; ; ; ; ; ; ; ; ; ; ; ; ; ; ; ;1; ; ; ; ; ; ; ; ; ; ; ;2,02E+11
Nazwa Projektu;1626;45;Agent.02;575849639;1;20210812;5;14:39:00;1670;28;462;9;CO;2;0;0;1;0;0; ;0;0;CO;1;0;PL; ;JA; ; ;32091708; ; ;73;101; ;36;8;7;1;7;8;4;10;1965;104;104;108;102;101;105;;;;;;;101;103;104;105;;;;;;; ;99;100;CO; ; ;636724; ; ; ; ; ; ; ; ; ; ; ; ; ; ; ; ; ; ; ; ; ;1; ;leo. sit elit id placerat. odio tortor dis; ; ; ; ; ; ; ; ; ;2,02E+11
Nazwa Projektu;1629;51;Agent.05;281269296;1;20210730;6;13:19:00;1775;30;462;2;CO;1;0;0;1;0;0; ;0;0;CO;1;0;PL; ;JA; ; ;32091716; ; ;64;101; ;600,01;10;5;2;3;3;9;2;1974;104;102;106;108;101;102;;;;;;;101;102;103;104;105;106;107;108;;; ;99;100;CO; ; ;823603; ; ; ; ; ; ; ; ; ; ; ; ; ; ; ; ; ; ; ; ; ;1; ; ;velit, nostra, quam odio sapien, convallis neque mauris Proin; ; ; ; ; ; ; ; ;2,02E+11
Nazwa Projektu;1633;45;Agent.02;766136134;1;20210806;6;15:37:00;2173;36;462;6;CO;3;0;0;1;0;0; ;0;0;CO;1;0;PL; ;JA; ; ;32091722; ; ;265;101; ;10;4;10;4;6;8;9;7;1984;104;104;108;105;101;;;;;;;;101;102;103;104;105;106;107;;;; ;99;100;CO; ; ;625680; ; ; ; ; ; ; ; ; ; ; ; ; ; ; ; ; ; ; ; ; ;1; ;euismod dapibus, tempus Class eleifend nec In himenaeos. eget eget sagittis ipsum vel, vulputate consectetur in leo sed eu e; ; ; ; ; ; ; ; ; ;2,02E+11
Nazwa Projektu;1634;61;Agent.11;886543605;1;20210803;3;15:22:00;3466;58;462;5;CO;1;0;0;1;0;0; ;0;0;CO;1;0;PL; ;JA; ; ;32091750; ; ;814;101; ;15;6;8;8;8;8;9;9;1997;104;103;108;116;101;105;106;;;;;;;;;;;;;;;; ;99;100;CO; ; ;485919; ; ; ; ;41356262; ; ; ; ; ; ; ; ; ; ; ; ; ; ; ; ;1; ;luctus, sagittis. vel In et Phasellus est, orci. ipsum, Fusce lacinia vulputate quam tincidunt lorem. Praesent vitae element; ; ; ; ; ; ; ; ; ;2,02E+11
Nazwa Projektu;1638;57;Agent.09;238415850;1;20210803;3;10:57:00;2161;36;462;3;CO;1;0;0;1;0;0; ;0;0;CO;1;0;PL; ;JA; ; ;32091759; ; ;62;101; ;118,22;4;3;4;1;1;6;7;1987;104;104;999;;;;;;;;;;101;102;103;105;107;;;;;; ;99;100;CO; ; ;687423; ; ; ; ;897432004; ; ; ; ; ; ; ; ; ; ; ; ; ; ; ; ;1; ;eu. commodo neque, pretium condimentum ad Fusce viverra euismod gravida aptent ad leo. Phasellus posuere. quis nibh, Integer;eu. commodo neque, pretium condimentum ad Fusce viverra euismod gravida aptent ad leo. Phasellus posuere. quis nibh,; ; ; ; ; ; ; ; ;2,02E+11
Nazwa Projektu;1642;57;Agent.09;256137707;1;20210803;3;09:35:00;1503;25;462;2;CO;2;0;0;1;0;0; ;0;0;CO;1;0;PL; ;JA; ; ;32091765; ; ;87;101; ;7,01;5;1;7;8;7;10;3;1974;104;103;101;102;;;;;;;;;102;103;104;105;106;;;;;; ;99;100;CO; ; ;965392; ; ; ; ;18082841; ; ; ; ; ; ; ; ; ; ; ; ; ; ; ; ;1; ;ultrices, gravida tincidunt. elit felis. Lorem aptent non luctus, consectetur elit per lectus sapien. Lorem nisi. posuere. e; ; ; ; ; ; ; ; ; ; 
Nazwa Projektu;1649;114;Agent.13;311484453;1;20210805;5;10:03:00;1012;17;462;9;CO;9;0;0;1;0;0; ;0;0;CO;1;0;PL; ;LQ; ; ;32091773; ; ;4;101; ;53;3;10;9;1;7;8;5;1989;104;104;101;105;106;;;;;;;;;;;;;;;;;; ;99;100;CO; ; ;840284; ; ; ; ;881776735; ; ; ; ; ; ; ; ; ; ; ; ; ; ; ; ;2; ; ; ; ; ; ; ; ; ; ; ;2,02E+11
Nazwa Projektu;1651;57;Agent.09;796585943;1;20210730;6;12:46:00;1775;30;462;2;CO;2;0;0;1;0;0; ;0;0;CO;1;0;PL; ;LQ; ; ;32091815; ; ;352;101; ;20;10;5;1;8;6;10;3;1998;104;103;111;101;108;;;;;;;;101;102;103;104;105;106;108;;;; ;99;100;CO; ; ;475839; ; ; ; ; ; ; ; ; ; ; ; ; ; ; ; ; ; ; ; ; ;1; ; ; ; ; ; ; ; ; ; ; ; 
Nazwa Projektu;1653;51;Agent.05;921415259;1;20210730;6;12:45:00;1770;30;462;2;CO;2;0;0;1;0;0; ;0;0;CO;1;0;PL; ;JA; ; ;32091838; ; ;84;101; ;38;10;6;9;6;8;7;9;1971;103;104;108;105;102;;;;;;;;103;104;105;106;107;108;;;;; ;99;100;CO; ; ;414093; ; ; ; ;952515431; ; ; ; ; ; ; ; ; ; ; ; ; ; ; ; ;1; ; ; ; ; ; ; ; ; ; ; ; 
Nazwa Projektu;1654;55;Agent.07;881392194;1;20210802;2;10:33:00;1802;30;462;2;CO;2;0;0;1;0;0; ;0;0;CO;1;0;PL; ;JA; ; ;32091846; ; ;112;101; ;230;4;7;7;6;9;4;8;1968;104;104;104;108;101;115;117;102;105;;;;101;102;103;104;105;106;107;;;; ;99;100;CO; ; ;807915; ; ; ; ; ; ; ; ; ; ; ; ; ; ; ; ; ; ; ; ; ;1; ;Fusce Vivamus Fusce euismod a in dui lacinia condimentum et sollicitudin eu per pretium Phasellus neque Cras sociosqu dolor; ; ; ; ; ; ; ; ; ; 
Nazwa Projektu;1655;63;Agent.12;676199588;1;20210730;6;14:22:00;1534;26;462;3;CO;1;0;0;1;0;0; ;0;0;CO;1;0;PL; ;JA; ; ;32091854; ; ;65;101; ;10;7;10;7;3;10;9;3;1975;101;104;999;;;;;;;;;;101;102;103;104;106;107;;;;; ;99;100;CO; ; ;457243; ; ; ; ; ; ; ; ; ; ; ; ; ; ; ; ; ; ; ; ; ;1; ; ; ; ; ; ; ; ; ; ; ;2,02E+11
Nazwa Projektu;1660;61;Agent.11;747135621;1;20210802;2;11:57:00;1788;30;462;3;CO;2;0;0;1;0;0; ;0;0;CO;1;0;PL; ;JA; ; ;32091857; ; ;85;101; ;69;10;4;3;10;4;10;6;1951;104;104;116;115;;;;;;;;;102;103;104;106;107;;;;;; ;99;100;CO; ; ;191440; ; ; ; ;284887416; ; ; ; ; ; ; ; ; ; ; ; ; ; ; ; ;1; ;nulla placerat. id inceptos ipsum eget ullamcorper et odio in velit, nisl in Fusce felis, amet, montes, semper tincidunt Viv; ; ; ; ; ; ; ; ; ;2,02E+11
Nazwa Projektu;1664;63;Agent.12;12723154;1;20210803;3;15:17:00;1495;25;462;8;CO;1;0;0;1;0;0; ;0;0;CO;1;0;PL; ;JA; ; ;32091916; ; ;77;101; ;43;1;3;5;0;4;8;3;1966;104;104;105;101;108;102;;;;;;;;;;;;;;;;; ;99;100;CO; ; ;361788; ; ; ; ; ;673905804; ; ; ; ; ; ; ; ; ; ; ; ; ; ; ;1; ; ; ; ; ; ; ; ; ; ; ;2,02E+11
Nazwa Projektu;1665;63;Agent.12;450937187;1;20210730;6;13:10:00;2318;39;462;1;CO;1;0;0;1;0;0; ;0;0;CO;1;0;PL; ;JA; ; ;32091956; ; ;201;101; ;200;7;9;2;3;5;6;1;1968;104;104;101;105;;;;;;;;;103;104;105;106;107;;;;;; ;99;100;CO; ; ;984392; ; ; ; ; ; ; ; ; ; ; ; ; ; ; ; ; ; ; ; ; ;1; ; ; ; ; ; ; ; ; ; ; ; 
Nazwa Projektu;1666;40;Agent.UA;275673292;1;20210803;3;17:52:00;727;12;462;16;CO;14;0;0;1;0;0; ;0;0;CO;1;0;PL; ;JA; ; ;32091959; ; ;3;101; ;42;9;3;8;7;3;2;5;1965;104;103;113;;;;;;;;;;102;103;104;107;;;;;;; ;99;100;CO; ; ;286375; ; ; ; ; ; ; ; ; ; ; ; ; ; ; ; ; ; ; ; ; ;1; ; ; ; ; ; ; ; ; ; ; ;2,02E+11
Nazwa Projektu;1672;55;Agent.07;597374344;1;20210730;6;14:51:00;1316;22;462;2;CO;2;0;0;1;0;0; ;0;0;CO;1;0;PL; ;LQ; ; ;32092021; ; ;334;101; ;300;10;8;1;4;8;10;8;1955;104;104;108;101;102;106;;;;;;;;;;;;;;;;; ;99;100;CO; ; ;223283; ; ; ; ; ; ; ; ; ; ; ; ; ; ; ; ; ; ; ; ; ;1; ;lorem. at neque, eget Pellentesque consectetur consectetur. erat ac ad consectetur elit. in torquent Class per elit. eu conu; ; ; ; ; ; ; ; ; ;2,02E+11
Nazwa Projektu;1674;114;Agent.13;869770286;1;20210805;5;13:55:00;1571;26;462;4;CO;3;0;0;1;0;0; ;0;0;CO;1;0;PL; ;JA; ; ;32092025; ; ;155;101; ;100;1;6;3;8;1;5;10;1977;104;102;102;101;;;;;;;;;101;102;103;104;105;106;107;108;;; ;99;100;CO; ; ;989213; ; ; ; ;144151367; ; ; ; ; ; ; ; ; ; ; ; ; ; ; ; ;1; ; ; ; ; ; ; ; ; ; ; ;2,02E+11
Nazwa Projektu;1686;61;Agent.11;428509871;1;20210802;2;10:27:00;1542;26;462;2;CO;1;0;0;1;0;0; ;0;0;CO;1;0;PL; ;JA; ; ;32092061; ; ;83;101; ;60;8;9;10;2;1;8;6;1985;104;104;108;102;;;;;;;;;;;;;;;;;;; ;99;100;CO; ; ;180533; ; ; ; ;136875141; ; ; ; ; ; ; ; ; ; ; ; ; ; ; ; ;1; ;varius aliquet In Cras Donec libero Suspendisse sapien lacinia Cras aliquam. amet, interdum auctor in vitae sem vestibulum c; ; ; ; ; ; ; ; ; ;2,02E+11
Nazwa Projektu;1692;114;Agent.13;255726335;1;20210802;2;10:48:00;1402;23;462;2;CO;2;0;0;1;0;0; ;0;0;CO;1;0;PL; ;JA; ; ;32092084; ; ;74;101; ;80;5;8;3;8;4;7;8;1966;104;104;108;101;102;105;;;;;;;101;102;103;105;106;107;108;;;; ;99;100;CO; ; ;636748; ; ; ; ;683693351; ; ; ; ; ; ; ; ; ; ; ; ; ; ; ; ;1; ; ; ; ; ; ; ; ; ; ; ; 
Nazwa Projektu;1694;61;Agent.11;613886471;1;20210802;2;09:47:00;2182;36;462;2;CO;2;0;0;1;0;0; ;0;0;CO;1;0;PL; ;JA; ; ;32092098; ; ;181;101; ;557;9;7;4;4;2;9;9;1993;104;103;108;106;105;101;;;;;;;101;102;104;105;108;;;;;; ;99;100;CO; ; ;313623; ; ; ; ; ; ; ; ; ; ; ; ; ; ; ; ; ; ; ; ; ;1; ; ; ; ; ; ; ; ; ; ; ; 
Nazwa Projektu;1697;61;Agent.11;867451355;1;20210802;2;11:19:00;2166;36;462;2;CO;2;0;0;1;0;0; ;0;0;CO;1;0;PL; ;JA; ; ;32092122; ; ;266;101; ;141;3;8;2;3;1;4;10;1962;104;103;999;;;;;;;;;;102;103;104;105;106;107;108;;;; ;99;100;CO; ; ;217589; ; ; ; ;221155952; ; ; ; ; ; ; ; ; ; ; ; ; ; ; ; ;1; ; ; ; ; ; ; ; ; ; ; ; 
Nazwa Projektu;1705;57;Agent.09;533522208;1;20210803;3;16:09:00;1193;20;462;3;CO;2;0;0;1;0;0; ;0;0;CO;1;0;PL; ;JA; ; ;32092132; ; ;114;101; ;32;9;2;8;5;6;1;7;1986;104;101;999;;;;;;;;;;103;104;106;107;;;;;;; ;99;100;CO; ; ;193347; ; ; ; ; ; ; ; ; ; ; ; ; ; ; ; ; ; ; ; ; ;1; ; ; ; ; ; ; ; ; ; ; ;2,02E+11
Nazwa Projektu;1710;53;Agent.06;121782379;1;20210806;6;13:27:00;1916;32;462;6;CO;4;0;0;1;0;0; ;0;0;CO;1;0;PL; ;JA; ; ;32092151; ; ;263;101; ;86;4;9;8;2;9;9;9;1964;104;103;101;108;119;105;103;;;;;;101;102;105;106;108;;;;;; ;99;100;CO; ; ;873509; ; ; ; ;374644961; ; ; ; ; ; ; ; ; ; ; ; ; ; ; ; ;1; ;quam Fusce Fusce taciti dis scelerisque. Nullam malesuada Phasellus quam ut commodo, orci odio In libero egestas Fusce justo; ; ; ; ; ; ; ; ; ;2,02E+11
Nazwa Projektu;1712;51;Agent.05;895725619;1;20210811;4;11:12:00;2084;35;462;4;CO;2;0;0;1;0;0; ;0;0;CO;1;0;PL; ;JA; ; ;32092165; ; ;117;101; ;25;9;8;8;5;8;10;4;1985;104;103;108;105;101;;;;;;;;101;102;103;105;107;;;;;; ;99;100;CO; ; ;175728; ; ; ; ;268857267; ; ; ; ; ; ; ; ; ; ; ; ; ; ; ; ;1; ; ; ; ; ; ; ; ; ; ; ;2,02E+11
Nazwa Projektu;1716;57;Agent.09;202177027;1;20210804;4;09:37:00;1550;26;462;4;CO;2;0;0;1;0;0; ;0;0;CO;1;0;PL; ;JA; ; ;32092179; ; ;223;101; ;102;10;9;1;3;9;3;9;1991;104;105;113;;;;;;;;;;102;105;106;107;;;;;;; ;99;100;CO; ; ;350832; ; ; ; ; ; ; ; ; ; ; ; ; ; ; ; ; ; ; ; ; ;1; ;non blandit Sed vestibulum Phasellus litora bibendum orci commodo turpis, suscipit Cras volutpat, volutpat, ad id Cras dictu; ; ; ; ; ; ; ; ; ;2,02E+11
Nazwa Projektu;1717;53;Agent.06;243427625;1;20210730;6;14:37:00;1462;24;462;1;CO;1;0;0;1;0;0; ;0;0;CO;1;0;PL; ;JA; ; ;32092182; ; ;197;101; ;51;4;3;9;10;6;8;10;1996;104;105;101;103;;;;;;;;;103;104;106;107;;;;;;; ;99;100;CO; ; ;587610; ; ; ; ; ;960746231; ; ; ; ; ; ; ; ; ; ; ; ; ; ; ;1; ; ; ; ; ; ; ; ; ; ; ; 
Nazwa Projektu;1718;114;Agent.13;723588280;1;20210812;5;14:36:00;1737;29;462;12;CO;5;0;0;1;0;0; ;0;0;CO;1;0;PL; ;JA; ; ;32092225; ; ;52;101; ;25;10;2;8;6;9;9;10;1984;104;103;999;;;;;;;;;;103;104;105;107;;;;;;; ;99;100;CO; ; ;118597; ; ; ; ;251703529; ; ; ; ; ; ; ; ; ; ; ; ; ; ; ; ;1; ;sed in. blandit montes, dis per Cras sed Cras ornare In in orci nostra, elit, sed gravida a Phasellus ex felis. sollicitudin;sed in. blandit montes, dis per Cras sed Cras ornare In in orci nostra, elit, sed gravida a Phasellus ex felis. sollic;sed in. blandit montes, dis per Cras sed Cras ornare In in orci nostra, elit, sed gravida a Phasellus ex felis. sollic; ; ; ; ; ; ; ;2,02E+11
Nazwa Projektu;1719;57;Agent.09;819621092;1;20210805;5;10:55:00;2526;42;462;3;CO;1;0;0;1;0;0; ;0;0;CO;1;0;PL; ;JA; ; ;32092233; ; ;317;101; ;500;9;7;3;3;4;2;7;1999;104;105;999;;;;;;;;;;102;103;104;106;107;;;;;; ;99;100;CO; ; ;903904; ; ; ; ;261136517; ; ; ; ; ; ; ; ; ; ; ; ; ; ; ; ;1; ;Donec condimentum Nullam felis. vel Cras nisl eget condimentum orci. convallis tempus vestibulum ipsum tempus sem turpis, ve; ; ; ; ; ; ; ; ; ;2,02E+11
Nazwa Projektu;1724;47;Agent.03;535951525;1;20210803;3;17:54:00;1677;28;462;3;CO;2;0;0;1;0;0; ;0;0;CO;1;0;PL; ;JA; ; ;32092237; ; ;32;101; ;460,1;7;10;5;6;10;10;8;1994;104;104;999;;;;;;;;;;103;;;;;;;;;; ;99;100;CO; ; ;645689; ; ; ; ; ; ; ; ; ; ; ; ; ; ; ; ; ; ; ; ; ;1; ;Cras sapien. elit, Fusce Lorem dolor sollicitudin malesuada Suspendisse diam venenatis tincidunt. eu luctus, elementum Cras;Cras sapien. elit, Fusce Lorem dolor sollicitudin malesuada Suspendisse diam venenatis tincidunt. eu luctus, elementum;Cras sapien. elit, Fusce Lorem dolor sollicitudin malesuada Suspendisse diam venenatis tincidunt. eu luctus, elementum; ; ; ; ; ; ; ;2,02E+11
Nazwa Projektu;1725;57;Agent.09;413213587;1;20210804;4;13:49:00;1754;29;462;3;CO;2;0;0;1;0;0; ;0;0;CO;1;0;PL; ;JA; ; ;32092240; ; ;315;101; ;310;6;5;6;4;9;7;6;1981;104;103;999;;;;;;;;;;101;102;103;104;105;106;108;;;; ;99;100;CO; ; ;248530; ; ; ; ; ; ; ; ; ; ; ; ; ; ; ; ; ; ; ; ; ;1; ;dictum eget fringilla quis orci In lacinia condimentum libero sodales amet, vel laoreet sociosqu tincidunt non in Pellentesq; ; ; ; ; ; ; ; ; ;2,02E+11
Nazwa Projektu;1729;51;Agent.05;425410047;1;20210803;3;12:28:00;903;15;462;6;CO;2;0;0;1;0;0; ;0;0;CO;1;0;PL; ;JA; ; ;32092245; ; ;45;101; ;450;8;6;7;6;7;9;6;1997;104;105;108;101;;;;;;;;;103;104;105;106;107;108;;;;; ;99;100;CO; ; ;208245; ; ; ; ; ; ; ; ; ; ; ; ; ; ; ; ; ; ; ; ; ;1; ; ; ; ; ; ; ; ; ; ; ;2,02E+11
Nazwa Projektu;1733;57;Agent.09;863884628;1;20210809;2;14:28:00;1268;21;462;5;CO;1;0;0;1;0;0; ;0;0;CO;1;0;PL; ;JA; ; ;32092252; ; ;57;101; ;50;9;4;3;6;1;2;3;1981;104;105;114;108;;;;;;;;;102;103;104;107;108;;;;;; ;99;100;CO; ; ;871662; ; ; ; ; ; ; ; ; ; ; ; ; ; ; ; ; ; ; ; ; ;1; ;Pellentesque suscipit eget, dolor felis, litora nisi. et euismod et vestibulum sollicitudin enim vulputate eleifend commodo;Pellentesque suscipit eget, dolor felis, litora nisi. et euismod et vestibulum sollicitudin enim vulputate eleifend co; ; ; ; ; ; ; ; ;2,02E+11
Nazwa Projektu;1734;51;Agent.05;382856033;1;20210802;2;14:54:00;2398;40;462;7;CO;4;0;0;1;0;0; ;0;0;CO;1;0;PL; ;JA; ; ;32092257; ; ;53;101; ;409;10;6;8;7;6;9;7;1996;104;102;999;;;;;;;;;;102;103;105;106;;;;;;; ;99;100;CO; ; ;681099; ; ; ; ;351330335; ; ; ; ; ; ; ; ; ; ; ; ; ; ; ; ;1; ;Cras sem Cras In vel consectetur aliquam. tortor ad ipsum tortor pretium turpis, Class Lorem ornare Vivamus in consectetur s; ; ; ; ; ; ; ; ; ;2,02E+11
Nazwa Projektu;1739;57;Agent.09;728401061;1;20210811;4;10:39:00;2002;33;462;8;W0;5;0;0;1;0;0; ;0;0;W0;1;0;PL; ;JA; ; ;32092268; ; ;28;101; ;65,5;1;6;0;0;7;9;4;1994;104;102;112;105;108;102;;;;;;;101;103;104;106;107;;;;;; ;99;100;CO; ; ;489907; ; ; ; ;632114426; ; ; ; ; ; ; ; ; ; ; ; ; ; ; ; ;1; ;interdum at dapibus ultrices, mauris sem Fusce elementum, Lorem Cras tempus egestas nec est. sed Mauris neque nascetur quam;interdum at dapibus ultrices, mauris sem Fusce elementum, Lorem Cras tempus egestas nec est. sed Mauris neque nascetur; ; ; ; ; ; ; ; ;2,02E+11
Nazwa Projektu;1740;57;Agent.09;144369765;1;20210803;3;15:23:00;1866;31;462;4;CO;1;0;0;1;0;0; ;0;0;CO;1;0;PL; ;JA; ; ;32092271; ; ;102;101; ;163;10;6;1;1;4;3;7;1980;104;102;108;101;118;102;105;;;;;;;;;;;;;;;; ;99;100;CO; ; ;709859; ; ; ; ; ; ; ; ; ; ; ; ; ; ; ; ; ; ; ; ; ;1; ;amet, nisl sem consectetur lectus nibh et non in. id Etiam In erat ipsum felis. amet, commodo elit. sed nec sapien elit;amet, nisl sem consectetur lectus nibh et non in. id Etiam In erat ipsum felis. amet, commodo elit. sed nec sapien eli; ; ; ; ; ; ; ; ;2,02E+11
Nazwa Projektu;1746;57;Agent.09;808341412;1;20210804;4;18:05:00;0;0;462;6;CO;4;0;0;1;0;0; ;0;0; ;1;0;PL; ;LQ; ; ;32092275; ; ;152;101; ;136;9;3;9;10;4;7;2;1986;104;104;101;108;102;;;;;;;;101;102;104;105;106;108;;;;; ;99;100;CO; ; ;353456; ; ; ; ; ; ; ; ; ; ; ; ; ; ; ; ; ; ; ; ; ;1; ;orci. tortor aliquet in vitae luctus. In aptent id vel, in tellus vel Fusce massa. neque, id vestibulum nec orci gravida in;orci. tortor aliquet in vitae luctus. In aptent id vel, in tellus vel Fusce massa. neque, id vestibulum nec orci gravi; ; ; ; ; ; ; ; ;2,02E+11
Nazwa Projektu;1749;57;Agent.09;815562674;1;20210803;3;17:38:00;1459;24;462;5;CO;2;0;0;1;0;0; ;0;0;CO;1;0;PL; ;LQ; ; ;32092294; ; ;75;101; ;1200;9;4;8;4;2;10;2;1986;104;103;999;;;;;;;;;;101;102;103;104;105;106;107;108;;; ;99;100;CO; ; ;617540; ; ; ; ; ; ; ; ; ; ; ; ; ; ; ; ; ; ; ; ; ;1; ;eget erat Fusce magnis ornare sed sed adipiscing Donec est. lectus sociosqu posuere. placerat. ipsum pretium sapien turpis l;eget erat Fusce magnis ornare sed sed adipiscing Donec est. lectus; ; ; ; ; ; ; ; ;2,02E+11
Nazwa Projektu;1752;47;Agent.03;69787424;1;20210730;6;15:32:00;1322;22;462;3;CO;3;0;0;1;0;0; ;0;0;CO;1;0;PL; ;LQ; ; ;32092303; ; ;93;101; ;800;10;9;6;5;6;7;5;1982;104;103;101;108;111;106;;;;;;;;;;;;;;;;; ;99;100;CO; ; ;128666; ; ; ; ; ; ; ; ; ; ; ; ; ; ; ; ; ; ; ; ; ;1; ; ; ; ; ; ; ; ; ; ; ;2,02E+11
Nazwa Projektu;1754;61;Agent.11;654558974;1;20210810;3;15:04:00;1804;30;462;14;CO;5;0;0;1;0;0; ;0;0;CO;1;0;PL; ;JA; ; ;32092307; ; ;34;101; ;100;10;1;7;10;4;9;6;1985;104;105;999;;;;;;;;;;102;103;104;106;107;108;;;;; ;99;100;CO; ; ;418301; ; ; ; ; ; ; ; ; ; ; ; ; ; ; ; ; ; ; ; ; ;1; ; ; ; ; ; ; ; ; ; ; ;2,02E+11
Nazwa Projektu;1763;45;Agent.02;170160752;1;20210802;2;10:58:00;1646;27;462;2;CO;1;0;0;1;0;0; ;0;0;CO;1;0;PL; ;JA; ; ;32092309; ; ;89;101; ;300;5;9;4;1;8;4;9;1990;104;105;115;;;;;;;;;;101;102;103;104;105;106;107;108;;; ;99;100;CO; ; ;787955; ; ; ; ; ; ; ; ; ; ; ; ; ; ; ; ; ; ; ; ; ;1; ; ; ; ; ; ; ; ; ; ; ;2,02E+11
Nazwa Projektu;1767;45;Agent.02;917518015;1;20210804;4;17:06:00;1493;25;462;3;CO;1;0;0;1;0;0; ;0;0;CO;1;0;PL; ;JA; ; ;32092312; ; ;89;101; ;146;9;3;7;8;6;9;8;1986;104;105;108;101;102;106;;;;;;;104;105;;;;;;;;; ;99;100;CO; ; ;627156; ; ; ; ;722916166; ; ; ; ; ; ; ; ; ; ; ; ; ; ; ; ;1; ; ; ; ; ; ; ; ; ; ; ;2,02E+11
Nazwa Projektu;1771;61;Agent.11;69314655;1;20210731;7;13:06:00;1630;27;462;2;CO;1;0;0;1;0;0; ;0;0;CO;1;0;PL; ;JA; ; ;32092323; ; ;68;101; ;100;4;1;1;7;2;8;9;1981;104;103;102;101;;;;;;;;;103;104;105;106;107;108;;;;; ;99;100;CO; ; ;775633; ; ; ; ;338214585; ; ; ; ; ; ; ; ; ; ; ; ; ; ; ; ;1; ;est. posuere. lectus, nostra, porta dis et condimentum. tortor; ; ; ; ; ; ; ; ; ;2,02E+11
Nazwa Projektu;1777;61;Agent.11;876614774;1;20210802;2;12:49:00;1341;22;462;2;CO;2;0;0;1;0;0; ;0;0;CO;1;0;PL; ;JA; ; ;32092336; ; ;75;101; ;360;10;10;3;6;5;9;6;1988;104;102;108;102;;;;;;;;;101;103;104;105;106;107;;;;; ;99;100;CO; ; ;279172; ; ; ; ;869792722; ; ; ; ; ; ; ; ; ; ; ; ; ; ; ; ;1; ; ; ; ; ; ; ; ; ; ; ; 
Nazwa Projektu;1783;61;Agent.11;814674651;1;20210810;3;15:45:00;1882;31;462;11;CO;6;0;0;1;0;0; ;0;0;CO;1;0;PL; ;LQ; ; ;32092338; ; ;158;101; ;21,5;6;10;1;0;8;5;1;1977;104;102;108;101;102;105;;;;;;;103;104;106;107;;;;;;; ;99;100;CO; ; ;171489; ; ; ; ; ; ; ; ; ; ; ; ; ; ; ; ; ; ; ; ; ;1; ;penatibus eu sagittis. vulputate, ipsum ac aliquet ex magnis est odio tortor ullamcorper ad est, porta adipiscing ullamcorpe; ; ; ; ; ; ; ; ; ;2,02E+11
Nazwa Projektu;1792;61;Agent.11;718267168;1;20210810;3;11:59:00;1846;31;462;9;CO;6;0;0;1;0;0; ;0;0;CO;1;0;PL; ;JA; ; ;32092344; ; ;92;101; ;300;7;7;10;7;10;10;8;1997;102;105;108;106;105;101;;;;;;;102;103;104;107;;;;;;; ;99;100;CO; ; ;232192; ; ; ; ;935767962; ; ; ; ; ; ; ; ; ; ; ; ; ; ; ; ;1; ;sit lobortis. sagittis. Phasellus montes, dis Lorem Fusce eleifend lacinia. diam pellentesque Integer erat fringilla malesua;sit lobortis. sagittis. Phasellus montes, dis Lorem Fusce eleifend lacinia. diam pellentesque Integer erat fringilla m; ; ; ; ; ; ; ; ;2,02E+11
Nazwa Projektu;1799;61;Agent.11;845496343;1;20210805;5;12:12:00;1784;30;462;4;CO;4;0;0;1;0;0; ;0;0;CO;1;0;PL; ;JA; ; ;32092355; ; ;156;101; ;5;8;10;1;7;10;3;3;1979;104;104;999;;;;;;;;;;101;102;104;105;106;108;;;;; ;99;100;CO; ; ;463798; ; ; ; ; ; ; ; ; ; ; ; ; ; ; ; ; ; ; ; ; ;1; ; ; ; ; ; ; ; ; ; ; ; 
Nazwa Projektu;1800;53;Agent.06;162441153;1;20210810;3;09:18:00;1348;22;462;5;CO;2;0;0;1;0;0; ;0;0;CO;1;0;PL; ;JA; ; ;32092360; ; ;98;101; ;24;9;2;9;3;6;9;4;1992;104;101;999;;;;;;;;;;101;105;108;;;;;;;; ;99;100;CO; ; ;527318; ; ; ; ; ; ; ; ; ; ; ; ; ; ; ; ; ; ; ; ; ;1; ;neque torquent et lectus, Donec; ; ; ; ; ; ; ; ; ;2,02E+11
Nazwa Projektu;1824;47;Agent.03;253666514;1;20210730;6;16:01:00;1931;32;462;1;CO;1;0;0;1;0;0; ;0;0;CO;1;0;PL; ;JA; ; ;32092362; ; ;102;101; ;160;9;3;99;9;4;9;6;1983;104;103;101;108;119;105;103;;;;;;;;;;;;;;;; ;99;100;CO; ; ;547696; ; ; ; ;233621225;977337759; ; ; ; ; ; ; ; ; ; ; ; ; ; ; ;1; ; ; ; ; ; ; ; ; ; ; ; 
Nazwa Projektu;1828;53;Agent.06;882828714;1;20210730;6;16:06:00;1668;28;462;1;CO;1;0;0;1;0;0; ;0;0;CO;1;0;PL; ;JA; ; ;32092364; ; ;92;101; ;118;9;9;5;2;3;5;9;1990;103;105;108;105;101;;;;;;;;102;103;104;106;107;;;;;; ;99;100;CO; ; ;230347; ; ; ; ; ; ; ; ; ; ; ; ; ; ; ; ; ; ; ; ; ;1; ; ; ; ; ; ; ; ; ; ; ; 
Nazwa Projektu;1838;57;Agent.09;292559246;1;20210805;5;09:51:00;2002;33;462;8;CO;2;0;0;1;0;0; ;0;0;CO;1;0;PL; ;JA; ; ;32092368; ; ;49;101; ;250;8;9;10;7;3;3;10;1974;101;102;113;999;;;;;;;;;101;102;103;104;105;106;107;108;;; ;99;100;CO; ; ;343001; ; ; ; ;181721885; ; ; ; ; ; ; ; ; ; ; ; ; ; ; ; ;1; ;libero non dapibus nisi. sagittis. lacinia placerat. sit Cras natoque litora sed non vulputate velit sed suscipit platea vul;libero non dapibus nisi. sagittis. lacinia placerat. sit Cras natoque litora sed non vulputate velit sed suscipit plat; ; ; ; ; ; ; ; ;2,02E+11
Nazwa Projektu;1846;61;Agent.11;151541426;1;20210730;6;16:19:00;2417;40;462;1;CO;1;0;0;1;0;0; ;0;0;CO;1;0;PL; ;JA; ; ;32092370; ; ;90;101; ;83;1;1;9;7;7;10;9;1979;104;105;101;103;;;;;;;;;104;105;106;108;;;;;;; ;99;100;CO; ; ;243375; ; ; ; ; ; ; ; ; ; ; ; ; ; ; ; ; ; ; ; ; ;1; ; ; ; ; ; ; ; ; ; ; ; 
Nazwa Projektu;1851;57;Agent.09;374514579;1;20210812;5;10:36:00;1345;22;462;16;CO;9;0;0;1;0;0; ;0;0;CO;1;0;PL; ;JA; ; ;32092376; ; ;18;101; ;500;10;8;6;3;8;2;7;1966;104;105;999;;;;;;;;;;101;102;103;104;105;106;107;108;;;99;99;100;CO; ; ;356451; ; ; ; ; ; ; ; ; ; ; ; ; ; ; ; ; ; ; ; ; ;1; ;vitae sociosqu ante. ad dapibus, gravida ligula a parturient vitae parturient sem lacinia. pretium vitae dui. lorem. Donec l;vitae sociosqu ante. ad dapibus, gravida ligula a parturient vitae parturient sem lacinia. pretium vitae dui. lorem. D; ; ; ; ; ; ; ; ;2,02E+11
Nazwa Projektu;1860;57;Agent.09;453854825;1;20210804;4;14:38:00;2910;49;462;4;CO;3;0;0;1;0;0; ;0;0;CO;1;0;PL; ;JA; ; ;32092383; ; ;1231;101; ;10;10;4;2;7;2;6;8;1987;104;102;999;;;;;;;;;;;;;;;;;;;; ;99;100;CO; ; ;995713; ; ; ; ; ; ; ; ; ; ; ; ; ; ; ; ; ; ; ; ; ;1; ; ; ; ; ; ; ; ; ; ; ;2,02E+11
Nazwa Projektu;1863;57;Agent.09;708757107;1;20210803;3;11:34:00;402;7;462;4;CO;3;0;0;1;0;0; ;0;0;CO;1;0;PL; ;LQ; ; ;32092389; ; ;77;101; ;20;9;1;10;2;1;9;10;1998;104;105;999;;;;;;;;;;101;105;;;;;;;;; ;99;100;CO; ; ;984020; ; ; ; ; ; ; ; ; ; ; ; ; ; ; ; ; ; ; ; ; ;1; ;commodo, quam et velit sollicitudin ante. vel placerat. ad sit in Praesent Fusce consectetur Fusce amet, In lectus vestibulu;commodo, quam et velit sollicitudin ante. vel placerat. ad sit in Praesent Fusce consectetur Fusce amet, In lectus ves; ; ; ; ; ; ; ; ;2,02E+11
Nazwa Projektu;1866;51;Agent.05;631461662;1;20210730;6;16:35:00;1765;29;462;1;CO;1;0;0;1;0;0; ;0;0;CO;1;0;PL; ;JA; ; ;32092393; ; ;81;101; ;20;9;9;10;5;1;4;8;1994;104;105;999;;;;;;;;;;;;;;;;;;;; ;99;100;CO; ; ;370945; ; ; ; ; ; ; ; ; ; ; ; ; ; ; ; ; ; ; ; ; ;1; ; ; ; ; ; ; ; ; ; ; ; 
Nazwa Projektu;1869;53;Agent.06;115273194;1;20210802;2;13:05:00;2239;37;462;3;CO;1;0;0;1;0;0; ;0;0;CO;1;0;PL; ;JA; ; ;32092403; ; ;60;101; ;175;8;2;7;10;6;3;2;1972;104;102;108;101;;;;;;;;;102;103;104;105;106;107;;;;; ;99;100;CO; ; ;426295; ; ; ; ; ; ; ; ; ; ; ; ; ; ; ; ; ; ; ; ; ;1; ;euismod sed facilisis. Mauris in diam Fusce Phasellus scelerisque platea eget est porttitor; ; ; ; ; ; ; ; ; ;2,02E+11
Nazwa Projektu;1870;45;Agent.02;239572368;1;20210730;6;17:39:00;2007;33;462;2;CO;1;0;0;1;0;0; ;0;0;CO;1;0;PL; ;JA; ; ;32092405; ; ;233;101; ;111;8;7;10;3;3;7;10;1997;104;105;114;108;;;;;;;;;101;102;103;106;107;;;;;; ;99;100;CO; ; ;959454; ; ; ; ; ; ; ; ; ; ; ; ; ; ; ; ; ; ; ; ; ;1; ;laoreet dui leo sollicitudin Donec ac elit, nascetur scelerisque lectus, ridiculus montes, tincidunt nec metus ipsum non sus; ; ; ; ; ; ; ; ; ;2,02E+11
Nazwa Projektu;1873;45;Agent.02;662694334;1;20210807;7;12:01:00;1383;23;462;5;CO;1;0;0;1;0;0; ;0;0;CO;1;0;PL; ;JA; ; ;32092411; ; ;60;101; ;29;1;10;4;6;4;9;5;1986;104;105;999;;;;;;;;;;;;;;;;;;;; ;99;100;CO; ; ;919863; ; ; ; ;377730077; ; ; ; ; ; ; ; ; ; ; ; ; ; ; ; ;1; ;Cras metus, condimentum Fusce In viverra ut elit, id Fusce aptent nec eget sapien neque, egestas volutpat, blandit auctor qu; ; ; ; ; ; ; ; ; ;2,02E+11
Nazwa Projektu;1909;53;Agent.06;836441262;1;20210805;5;13:02:00;1680;28;462;4;CO;1;0;0;1;0;0; ;0;0;CO;1;0;PL; ;JA; ; ;32092416; ; ;172;101; ;115;8;4;2;4;4;10;5;1975;104;105;112;105;108;102;;;;;;;101;103;104;106;107;;;;;; ;99;100;CO; ; ;953683; ; ; ; ; ; ; ; ; ; ; ; ; ; ; ; ; ; ; ; ; ;1; ; ; ; ; ; ; ; ; ; ; ;2,02E+11
Nazwa Projektu;1924;114;Agent.13;256869287;1;20210802;2;13:19:00;1853;31;462;3;CO;3;0;0;1;0;0; ;0;0;CO;1;0;PL; ;LQ; ; ;32092428; ; ;89;101; ;66;9;7;2;1;5;7;9;1995;104;105;108;101;118;102;105;;;;;;103;104;106;107;;;;;;; ;99;100;CO; ; ;887966; ; ; ; ; ; ; ; ; ; ; ; ; ; ; ; ; ; ; ; ; ;1; ; ; ; ; ; ; ; ; ; ; ;2,02E+11
Nazwa Projektu;1928;53;Agent.06;772934112;1;20210803;3;13:55:00;1265;21;462;6;CO;4;0;0;1;0;0; ;0;0;CO;1;0;PL; ;JA; ; ;32092433; ; ;143;101; ;26;3;9;6;6;4;4;5;1968;104;102;101;108;102;;;;;;;;105;;;;;;;;;; ;99;100;CO; ; ;535003; ; ; ; ;255090061; ; ; ; ; ; ; ; ; ; ; ; ; ; ; ; ;1; ;eu eu eget parturient maximus velit eget euismod ullamcorper eget laoreet euismod lacinia erat habitasse vulputate, sit dolo; ; ; ; ; ; ; ; ; ;2,02E+11
Nazwa Projektu;1938;51;Agent.05;880231793;1;20210803;3;15:16:00;1991;33;462;6;CO;3;0;0;1;0;0; ;0;0;CO;1;0;PL; ;JA; ; ;32092449; ; ;306;101; ;87;4;5;9;5;4;9;7;1981;103;104;999;;;;;;;;;;;;;;;;;;;; ;99;100;CO; ; ;443643; ; ; ; ; ; ; ; ; ; ; ; ; ; ; ; ; ; ; ; ; ;1; ; ; ; ; ; ; ; ; ; ; ;2,02E+11
Nazwa Projektu;1945;61;Agent.11;642267246;1;20210804;4;12:04:00;1965;33;462;12;CO;1;0;0;1;0;0; ;0;0;CO;1;0;PL; ;JA; ; ;32092521; ; ;67;101; ;15;3;9;9;2;6;9;3;1989;104;102;101;108;998;111;106;;;;;;102;103;104;105;107;;;;;; ;99;100;CO; ; ;540785; ; ; ; ; ; ; ; ; ; ; ; ; ; ; ; ; ; ; ; ; ;1; ; ; ; ; ; ; ; ; ; ; ;2,02E+11
Nazwa Projektu;1958;53;Agent.06;13235320;1;20210805;5;15:23:00;2313;39;462;6;CO;3;0;0;1;0;0; ;0;0;CO;1;0;PL; ;JA; ; ;32092526; ; ;883;101; ;21,4;7;7;4;8;8;7;10;1969;104;101;999;;;;;;;;;;101;102;103;104;105;106;107;108;;; ;99;100;CO; ; ;932075; ; ; ; ;313160855; ; ; ; ; ; ; ; ; ; ; ; ; ; ; ; ;1; ;sapien In tortor penatibus vestibulum nec velit, hac Fusce; ; ; ; ; ; ; ; ; ;2,02E+11
Nazwa Projektu;1959;47;Agent.03;281358833;1;20210803;3;10:53:00;2304;38;462;5;CO;2;0;0;1;0;0; ;0;0;CO;1;0;PL; ;JA; ; ;32092529; ; ;33;101; ;390;99;3;3;4;99;8;2;1981;104;105;115;999;;;;;;;;;;;;;;;;;;; ;99;100;CO; ; ;662930; ; ; ; ; ; ; ; ; ; ; ; ; ; ; ; ; ; ; ; ; ;1; ;et Etiam ante. massa. et ut Curabitur nascetur ipsum, Cras consequat eu a et elit, Etiam laoreet inceptos elit vel sed place;et Etiam ante. massa. et ut Curabitur nascetur ipsum, Cras consequat eu a et elit, Etiam laoreet inceptos elit vel sed;et Etiam ante. massa. et ut Curabitur nascetur ipsum, Cras consequat eu a et elit, Etiam laoreet inceptos elit vel sed; ; ; ; ; ; ; ;2,02E+11
