;RecordNo;Wojewdztwo;RQ2;company;recomendation;recomendations;detrac;neutral;promo;total
1;1135;dolnolskie;100-250;Acme;3;detractors;1;0;0;1
2;1136;dolnolskie;100-250;Acme;4;detractors;1;0;0;1
3;1137;dolnolskie;100-250;Acme;5;detractors;1;0;0;1
4;1141;dolnolskie;>25;Acme;9;promoters;0;0;1;1
5;1143;dolnolskie;100-250;Acme;6;detractors;1;0;0;1
6;1145;dolnolskie;51-100;Acme;10;promoters;0;0;1;1
7;1150;dolnolskie;25-50;Acme;10;promoters;0;0;1;1
8;1151;dolnolskie;100-250;Acme;6;detractors;1;0;0;1
9;1154;dolnolskie;100-250;Acme;9;promoters;0;0;1;1
10;1159;dolnolskie;250+;Acme;9;promoters;0;0;1;1
11;1160;dolnolskie;100-250;Acme;4;detractors;1;0;0;1
12;1167;dolnolskie;>25;Acme;5;detractors;1;0;0;1
13;1168;dolnolskie;>25;Acme;1;detractors;1;0;0;1
14;1169;dolnolskie;250+;Acme;9;promoters;0;0;1;1
15;1173;kujawsko-pomorskie;>25;Acme;5;detractors;1;0;0;1
16;1174;kujawsko-pomorskie;250+;Acme;2;detractors;1;0;0;1
17;1176;kujawsko-pomorskie;25-50;Acme;5;detractors;1;0;0;1
18;1177;kujawsko-pomorskie;>25;Acme;9;promoters;0;0;1;1
19;1178;kujawsko-pomorskie;25-50;Acme;9;promoters;0;0;1;1
20;1183;kujawsko-pomorskie;>25;Acme;9;promoters;0;0;1;1
21;1187;kujawsko-pomorskie;250+;Acme;5;detractors;1;0;0;1
22;1191;kujawsko-pomorskie;>25;Acme;3;detractors;1;0;0;1
23;1200;kujawsko-pomorskie;25-50;Acme;10;promoters;0;0;1;1
24;1202;kujawsko-pomorskie;250+;Acme;1;detractors;1;0;0;1
25;1203;kujawsko-pomorskie;100-250;Acme;9;promoters;0;0;1;1
26;1218;kujawsko-pomorskie;25-50;Acme;9;promoters;0;0;1;1
27;1221;kujawsko-pomorskie;>25;Acme;5;detractors;1;0;0;1
28;1223;kujawsko-pomorskie;100-250;Acme;6;detractors;1;0;0;1
29;1230;kujawsko-pomorskie;>25;Acme;9;promoters;0;0;1;1
30;1233;kujawsko-pomorskie;250+;Acme;6;detractors;1;0;0;1
31;1234;kujawsko-pomorskie;100-250;Acme;9;promoters;0;0;1;1
32;1236;kujawsko-pomorskie;51-100;Acme;10;promoters;0;0;1;1
33;1241;kujawsko-pomorskie;100-250;Acme;3;detractors;1;0;0;1
34;1242;kujawsko-pomorskie;250+;Acme;10;promoters;0;0;1;1
35;1251;kujawsko-pomorskie;250+;Acme;2;detractors;1;0;0;1
36;1253;kujawsko-pomorskie;>25;Acme;10;promoters;0;0;1;1
37;1256;lubelskie;100-250;Acme;10;promoters;0;0;1;1
38;1261;lubelskie;25-50;Acme;9;promoters;0;0;1;1
39;1271;lubelskie;>25;Acme;6;detractors;1;0;0;1
40;1272;lubelskie;25-50;Acme;2;detractors;1;0;0;1
41;1279;lubelskie;250+;Acme;5;detractors;1;0;0;1
42;1280;lubelskie;51-100;Acme;7;neutral;0;1;0;1
43;1282;lubelskie;250+;Acme;9;promoters;0;0;1;1
44;1286;lubelskie;25-50;Acme;4;detractors;1;0;0;1
45;1287;lubelskie;100-250;Acme;7;neutral;0;1;0;1
46;1288;lubelskie;>25;Acme;6;detractors;1;0;0;1
47;1291;lubelskie;250+;Acme;1;detractors;1;0;0;1
48;1292;lubelskie;100-250;Acme;1;detractors;1;0;0;1
49;1293;lubelskie;250+;Acme;6;detractors;1;0;0;1
50;1294;lubuskie;25-50;Acme;10;promoters;0;0;1;1
51;1295;lubuskie;100-250;Acme;2;detractors;1;0;0;1
52;1301;lubuskie;250+;Acme;10;promoters;0;0;1;1
53;1304;lubuskie;25-50;Acme;4;detractors;1;0;0;1
54;1311;lubuskie;100-250;Acme;2;detractors;1;0;0;1
55;1316;lubuskie;100-250;Acme;4;detractors;1;0;0;1
56;1319;lubuskie;100-250;Acme;9;promoters;0;0;1;1
57;1322;lubuskie;51-100;Acme;8;neutral;0;1;0;1
58;1323;lubuskie;100-250;Acme;8;neutral;0;1;0;1
59;1327;lubuskie;25-50;Acme;9;promoters;0;0;1;1
60;1329;lubuskie;25-50;Acme;6;detractors;1;0;0;1
61;1336;lubuskie;>25;Acme;10;promoters;0;0;1;1
62;1339;lubuskie;>25;Acme;10;promoters;0;0;1;1
63;1342;lubuskie;>25;Acme;3;detractors;1;0;0;1
64;1344;lubuskie;250+;Acme;7;neutral;0;1;0;1
65;1356;lubuskie;51-100;Acme;7;neutral;0;1;0;1
66;1357;lubuskie;51-100;Acme;9;promoters;0;0;1;1
67;1358;贸dzkie;100-250;Acme;3;detractors;1;0;0;1
68;1360;贸dzkie;250+;Acme;1;detractors;1;0;0;1
69;1364;贸dzkie;51-100;Acme;7;neutral;0;1;0;1
70;1368;贸dzkie;>25;Acme;8;neutral;0;1;0;1
71;1371;贸dzkie;25-50;Acme;10;promoters;0;0;1;1
72;1375;贸dzkie;>25;Acme;5;detractors;1;0;0;1
73;1377;贸dzkie;>25;Acme;10;promoters;0;0;1;1
74;1382;贸dzkie;>25;Acme;8;neutral;0;1;0;1
75;1387;maopolskie;>25;Acme;10;promoters;0;0;1;1
76;1388;maopolskie;51-100;Acme;9;promoters;0;0;1;1
77;1393;maopolskie;>25;Acme;9;promoters;0;0;1;1
78;1397;maopolskie;250+;Acme;3;detractors;1;0;0;1
79;1399;maopolskie;100-250;Acme;10;promoters;0;0;1;1
80;1403;maopolskie;250+;Acme;2;detractors;1;0;0;1
81;1404;maopolskie;>25;Acme;6;detractors;1;0;0;1
82;1406;mazowieckie;250+;Acme;7;neutral;0;1;0;1
83;1410;mazowieckie;>25;Acme;9;promoters;0;0;1;1
84;1412;mazowieckie;250+;Acme;9;promoters;0;0;1;1
85;1413;mazowieckie;100-250;Acme;8;neutral;0;1;0;1
86;1415;mazowieckie;51-100;Acme;7;neutral;0;1;0;1
87;1419;mazowieckie;>25;Acme;9;promoters;0;0;1;1
88;1424;mazowieckie;250+;Acme;5;detractors;1;0;0;1
89;1430;mazowieckie;250+;Acme;8;neutral;0;1;0;1
90;1438;mazowieckie;100-250;Acme;7;neutral;0;1;0;1
91;1439;mazowieckie;25-50;Acme;1;detractors;1;0;0;1
92;1440;mazowieckie;100-250;Acme;8;neutral;0;1;0;1
93;1442;mazowieckie;250+;Acme;4;detractors;1;0;0;1
94;1450;mazowieckie;>25;Acme;2;detractors;1;0;0;1
95;1451;mazowieckie;51-100;Acme;9;promoters;0;0;1;1
96;1458;mazowieckie;250+;Acme;9;promoters;0;0;1;1
97;1462;mazowieckie;>25;Acme;2;detractors;1;0;0;1
98;1469;mazowieckie;>25;Acme;5;detractors;1;0;0;1
99;1475;mazowieckie;100-250;Acme;9;promoters;0;0;1;1
100;1476;mazowieckie;250+;Acme;7;neutral;0;1;0;1
101;1477;mazowieckie;>25;Acme;10;promoters;0;0;1;1
102;1485;mazowieckie;25-50;Acme;9;promoters;0;0;1;1
103;1486;mazowieckie;250+;Acme;9;promoters;0;0;1;1
104;1488;mazowieckie;100-250;Acme;3;detractors;1;0;0;1
105;1490;mazowieckie;100-250;Acme;8;neutral;0;1;0;1
106;1491;opolskie;51-100;Acme;9;promoters;0;0;1;1
107;1501;opolskie;100-250;Acme;9;promoters;0;0;1;1
108;1503;opolskie;51-100;Acme;6;detractors;1;0;0;1
109;1504;opolskie;100-250;Acme;8;neutral;0;1;0;1
110;1508;opolskie;100-250;Acme;6;detractors;1;0;0;1
111;1514;opolskie;25-50;Acme;10;promoters;0;0;1;1
112;1525;opolskie;25-50;Acme;9;promoters;0;0;1;1
113;1529;opolskie;100-250;Acme;10;promoters;0;0;1;1
114;1531;opolskie;100-250;Acme;9;promoters;0;0;1;1
115;1540;opolskie;250+;Acme;5;detractors;1;0;0;1
116;1543;podkarpackie;100-250;Acme;6;detractors;1;0;0;1
117;1545;podkarpackie;>25;Acme;5;detractors;1;0;0;1
118;1546;podkarpackie;25-50;Acme;3;detractors;1;0;0;1
119;1548;podkarpackie;100-250;Acme;2;detractors;1;0;0;1
120;1562;podkarpackie;>25;Acme;10;promoters;0;0;1;1
121;1567;podkarpackie;>25;Acme;9;promoters;0;0;1;1
122;1575;podkarpackie;250+;Acme;10;promoters;0;0;1;1
123;1578;podkarpackie;250+;Acme;8;neutral;0;1;0;1
124;1581;podkarpackie;100-250;Acme;10;promoters;0;0;1;1
125;1583;podkarpackie;51-100;Acme;10;promoters;0;0;1;1
126;1588;podlaskie;>25;Acme;9;promoters;0;0;1;1
127;1589;podlaskie;51-100;Acme;7;neutral;0;1;0;1
128;1591;podlaskie;51-100;Acme;6;detractors;1;0;0;1
129;1593;podlaskie;51-100;Acme;9;promoters;0;0;1;1
130;1594;podlaskie;250+;Acme;6;detractors;1;0;0;1
131;1599;podlaskie;250+;Acme;2;detractors;1;0;0;1
132;1604;podlaskie;51-100;Acme;9;promoters;0;0;1;1
133;1605;podlaskie;51-100;Acme;9;promoters;0;0;1;1
134;1612;podlaskie;51-100;Acme;8;neutral;0;1;0;1
135;1615;podlaskie;250+;Acme;10;promoters;0;0;1;1
136;1626;podlaskie;25-50;Acme;8;neutral;0;1;0;1
137;1629;podlaskie;250+;Acme;10;promoters;0;0;1;1
138;1633;podlaskie;>25;Acme;4;detractors;1;0;0;1
139;1634;pomorskie;>25;Acme;6;detractors;1;0;0;1
140;1638;pomorskie;100-250;Acme;4;detractors;1;0;0;1
141;1642;pomorskie;>25;Acme;5;detractors;1;0;0;1
142;1649;pomorskie;51-100;Acme;3;detractors;1;0;0;1
143;1651;pomorskie;>25;Acme;10;promoters;0;0;1;1
144;1653;pomorskie;25-50;Acme;10;promoters;0;0;1;1
145;1654;pomorskie;100-250;Acme;4;detractors;1;0;0;1
146;1655;pomorskie;>25;Acme;7;neutral;0;1;0;1
147;1660;lskie;51-100;Acme;10;promoters;0;0;1;1
148;1664;lskie;25-50;Acme;1;detractors;1;0;0;1
149;1665;lskie;100-250;Acme;7;neutral;0;1;0;1
150;1666;lskie;25-50;Acme;9;promoters;0;0;1;1
151;1672;witokrzyskie;250+;Acme;10;promoters;0;0;1;1
152;1674;witokrzyskie;51-100;Acme;1;detractors;1;0;0;1
153;1686;witokrzyskie;51-100;Acme;8;neutral;0;1;0;1
154;1692;witokrzyskie;51-100;Acme;5;detractors;1;0;0;1
155;1694;witokrzyskie;250+;Acme;9;promoters;0;0;1;1
156;1697;warmisko-mazurskie;100-250;Acme;3;detractors;1;0;0;1
157;1705;warmisko-mazurskie;25-50;Acme;9;promoters;0;0;1;1
158;1710;warmisko-mazurskie;51-100;Acme;4;detractors;1;0;0;1
159;1712;warmisko-mazurskie;>25;Acme;9;promoters;0;0;1;1
160;1716;warmisko-mazurskie;100-250;Acme;10;promoters;0;0;1;1
161;1717;warmisko-mazurskie;51-100;Acme;4;detractors;1;0;0;1
162;1718;wielkopolskie;>25;Acme;10;promoters;0;0;1;1
163;1719;wielkopolskie;250+;Acme;9;promoters;0;0;1;1
164;1724;wielkopolskie;250+;Acme;7;neutral;0;1;0;1
165;1725;wielkopolskie;250+;Acme;6;detractors;1;0;0;1
166;1729;wielkopolskie;250+;Acme;8;neutral;0;1;0;1
167;1733;wielkopolskie;25-50;Acme;9;promoters;0;0;1;1
168;1734;wielkopolskie;250+;Acme;10;promoters;0;0;1;1
169;1739;wielkopolskie;51-100;Acme;1;detractors;1;0;0;1
170;1740;wielkopolskie;100-250;Acme;10;promoters;0;0;1;1
171;1746;wielkopolskie;100-250;Acme;9;promoters;0;0;1;1
172;1749;wielkopolskie;250+;Acme;9;promoters;0;0;1;1
173;1752;wielkopolskie;250+;Acme;10;promoters;0;0;1;1
174;1754;wielkopolskie;51-100;Acme;10;promoters;0;0;1;1
175;1763;wielkopolskie;250+;Acme;5;detractors;1;0;0;1
176;1767;wielkopolskie;100-250;Acme;9;promoters;0;0;1;1
177;1771;wielkopolskie;51-100;Acme;4;detractors;1;0;0;1
178;1777;wielkopolskie;250+;Acme;10;promoters;0;0;1;1
179;1783;wielkopolskie;>25;Acme;6;detractors;1;0;0;1
180;1792;wielkopolskie;250+;Acme;7;neutral;0;1;0;1
181;1799;wielkopolskie;>25;Acme;8;neutral;0;1;0;1
182;1800;wielkopolskie;>25;Acme;9;promoters;0;0;1;1
183;1824;wielkopolskie;100-250;Acme;9;promoters;0;0;1;1
184;1828;wielkopolskie;100-250;Acme;9;promoters;0;0;1;1
185;1838;wielkopolskie;100-250;Acme;8;neutral;0;1;0;1
186;1846;wielkopolskie;51-100;Acme;1;detractors;1;0;0;1
187;1851;wielkopolskie;250+;Acme;10;promoters;0;0;1;1
188;1860;wielkopolskie;>25;Acme;10;promoters;0;0;1;1
189;1863;wielkopolskie;>25;Acme;9;promoters;0;0;1;1
190;1866;wielkopolskie;>25;Acme;9;promoters;0;0;1;1
191;1869;wielkopolskie;100-250;Acme;8;neutral;0;1;0;1
192;1870;wielkopolskie;100-250;Acme;8;neutral;0;1;0;1
193;1873;wielkopolskie;25-50;Acme;1;detractors;1;0;0;1
194;1909;wielkopolskie;100-250;Acme;8;neutral;0;1;0;1
195;1924;wielkopolskie;51-100;Acme;9;promoters;0;0;1;1
196;1928;wielkopolskie;25-50;Acme;3;detractors;1;0;0;1
197;1938;zachodniopomorskie);51-100;Acme;4;detractors;1;0;0;1
198;1945;zachodniopomorskie);>25;Acme;3;detractors;1;0;0;1
199;1958;zachodniopomorskie);>25;Acme;7;neutral;0;1;0;1
200;1135;dolnolskie;100-250;Central Park;5;detractors;1;0;0;1
201;1136;dolnolskie;100-250;Central Park;10;promoters;0;0;1;1
202;1137;dolnolskie;100-250;Central Park;1;detractors;1;0;0;1
203;1141;dolnolskie;>25;Central Park;5;detractors;1;0;0;1
204;1143;dolnolskie;100-250;Central Park;5;detractors;1;0;0;1
205;1145;dolnolskie;51-100;Central Park;8;neutral;0;1;0;1
206;1150;dolnolskie;25-50;Central Park;5;detractors;1;0;0;1
207;1151;dolnolskie;100-250;Central Park;9;promoters;0;0;1;1
208;1154;dolnolskie;100-250;Central Park;3;detractors;1;0;0;1
209;1159;dolnolskie;250+;Central Park;3;detractors;1;0;0;1
210;1160;dolnolskie;100-250;Central Park;8;neutral;0;1;0;1
211;1167;dolnolskie;>25;Central Park;4;detractors;1;0;0;1
212;1168;dolnolskie;>25;Central Park;6;detractors;1;0;0;1
213;1169;dolnolskie;250+;Central Park;6;detractors;1;0;0;1
214;1173;kujawsko-pomorskie;>25;Central Park;3;detractors;1;0;0;1
215;1174;kujawsko-pomorskie;250+;Central Park;4;detractors;1;0;0;1
216;1176;kujawsko-pomorskie;25-50;Central Park;10;promoters;0;0;1;1
217;1177;kujawsko-pomorskie;>25;Central Park;4;detractors;1;0;0;1
218;1178;kujawsko-pomorskie;25-50;Central Park;9;promoters;0;0;1;1
219;1183;kujawsko-pomorskie;>25;Central Park;9;promoters;0;0;1;1
220;1187;kujawsko-pomorskie;250+;Central Park;8;neutral;0;1;0;1
221;1191;kujawsko-pomorskie;>25;Central Park;10;promoters;0;0;1;1
222;1200;kujawsko-pomorskie;25-50;Central Park;8;neutral;0;1;0;1
223;1202;kujawsko-pomorskie;250+;Central Park;9;promoters;0;0;1;1
224;1203;kujawsko-pomorskie;100-250;Central Park;5;detractors;1;0;0;1
225;1218;kujawsko-pomorskie;25-50;Central Park;0;detractors;1;0;0;1
226;1221;kujawsko-pomorskie;>25;Central Park;9;promoters;0;0;1;1
227;1223;kujawsko-pomorskie;100-250;Central Park;8;neutral;0;1;0;1
228;1230;kujawsko-pomorskie;>25;Central Park;6;detractors;1;0;0;1
229;1233;kujawsko-pomorskie;250+;Central Park;4;detractors;1;0;0;1
230;1234;kujawsko-pomorskie;100-250;Central Park;7;neutral;0;1;0;1
231;1236;kujawsko-pomorskie;51-100;Central Park;10;promoters;0;0;1;1
232;1241;kujawsko-pomorskie;100-250;Central Park;7;neutral;0;1;0;1
233;1242;kujawsko-pomorskie;250+;Central Park;5;detractors;1;0;0;1
234;1251;kujawsko-pomorskie;250+;Central Park;9;promoters;0;0;1;1
235;1253;kujawsko-pomorskie;>25;Central Park;9;promoters;0;0;1;1
236;1256;lubelskie;100-250;Central Park;4;detractors;1;0;0;1
237;1261;lubelskie;25-50;Central Park;9;promoters;0;0;1;1
238;1271;lubelskie;>25;Central Park;4;detractors;1;0;0;1
239;1272;lubelskie;25-50;Central Park;9;promoters;0;0;1;1
240;1279;lubelskie;250+;Central Park;10;promoters;0;0;1;1
241;1280;lubelskie;51-100;Central Park;2;detractors;1;0;0;1
242;1282;lubelskie;250+;Central Park;7;neutral;0;1;0;1
243;1286;lubelskie;25-50;Central Park;9;promoters;0;0;1;1
244;1287;lubelskie;100-250;Central Park;6;detractors;1;0;0;1
245;1288;lubelskie;>25;Central Park;7;neutral;0;1;0;1
246;1291;lubelskie;250+;Central Park;10;promoters;0;0;1;1
247;1292;lubelskie;100-250;Central Park;3;detractors;1;0;0;1
248;1293;lubelskie;250+;Central Park;8;neutral;0;1;0;1
249;1294;lubuskie;25-50;Central Park;8;neutral;0;1;0;1
250;1295;lubuskie;100-250;Central Park;5;detractors;1;0;0;1
251;1301;lubuskie;250+;Central Park;7;neutral;0;1;0;1
252;1304;lubuskie;25-50;Central Park;4;detractors;1;0;0;1
253;1311;lubuskie;100-250;Central Park;8;neutral;0;1;0;1
254;1316;lubuskie;100-250;Central Park;1;detractors;1;0;0;1
255;1319;lubuskie;100-250;Central Park;3;detractors;1;0;0;1
256;1322;lubuskie;51-100;Central Park;8;neutral;0;1;0;1
257;1323;lubuskie;100-250;Central Park;4;detractors;1;0;0;1
258;1327;lubuskie;25-50;Central Park;6;detractors;1;0;0;1
259;1329;lubuskie;25-50;Central Park;6;detractors;1;0;0;1
260;1336;lubuskie;>25;Central Park;7;neutral;0;1;0;1
261;1339;lubuskie;>25;Central Park;7;neutral;0;1;0;1
262;1342;lubuskie;>25;Central Park;10;promoters;0;0;1;1
263;1344;lubuskie;250+;Central Park;6;detractors;1;0;0;1
264;1356;lubuskie;51-100;Central Park;5;detractors;1;0;0;1
265;1357;lubuskie;51-100;Central Park;10;promoters;0;0;1;1
266;1358;贸dzkie;100-250;Central Park;4;detractors;1;0;0;1
267;1360;贸dzkie;250+;Central Park;4;detractors;1;0;0;1
268;1364;贸dzkie;51-100;Central Park;9;promoters;0;0;1;1
269;1368;贸dzkie;>25;Central Park;6;detractors;1;0;0;1
270;1371;贸dzkie;25-50;Central Park;3;detractors;1;0;0;1
271;1375;贸dzkie;>25;Central Park;0;detractors;1;0;0;1
272;1377;贸dzkie;>25;Central Park;9;promoters;0;0;1;1
273;1382;贸dzkie;>25;Central Park;9;promoters;0;0;1;1
274;1387;maopolskie;>25;Central Park;1;detractors;1;0;0;1
275;1388;maopolskie;51-100;Central Park;8;neutral;0;1;0;1
276;1393;maopolskie;>25;Central Park;7;neutral;0;1;0;1
277;1397;maopolskie;250+;Central Park;4;detractors;1;0;0;1
278;1399;maopolskie;100-250;Central Park;7;neutral;0;1;0;1
279;1403;maopolskie;250+;Central Park;9;promoters;0;0;1;1
280;1404;maopolskie;>25;Central Park;7;neutral;0;1;0;1
281;1406;mazowieckie;250+;Central Park;9;promoters;0;0;1;1
282;1410;mazowieckie;>25;Central Park;7;neutral;0;1;0;1
283;1412;mazowieckie;250+;Central Park;9;promoters;0;0;1;1
284;1413;mazowieckie;100-250;Central Park;2;detractors;1;0;0;1
285;1415;mazowieckie;51-100;Central Park;2;detractors;1;0;0;1
286;1419;mazowieckie;>25;Central Park;10;promoters;0;0;1;1
287;1424;mazowieckie;250+;Central Park;2;detractors;1;0;0;1
288;1430;mazowieckie;250+;Central Park;8;neutral;0;1;0;1
289;1438;mazowieckie;100-250;Central Park;8;neutral;0;1;0;1
290;1439;mazowieckie;25-50;Central Park;8;neutral;0;1;0;1
291;1440;mazowieckie;100-250;Central Park;3;detractors;1;0;0;1
292;1442;mazowieckie;250+;Central Park;9;promoters;0;0;1;1
293;1450;mazowieckie;>25;Central Park;9;promoters;0;0;1;1
294;1451;mazowieckie;51-100;Central Park;7;neutral;0;1;0;1
295;1458;mazowieckie;250+;Central Park;9;promoters;0;0;1;1
296;1462;mazowieckie;>25;Central Park;7;neutral;0;1;0;1
297;1469;mazowieckie;>25;Central Park;1;detractors;1;0;0;1
298;1475;mazowieckie;100-250;Central Park;10;promoters;0;0;1;1
299;1476;mazowieckie;250+;Central Park;7;neutral;0;1;0;1
300;1477;mazowieckie;>25;Central Park;9;promoters;0;0;1;1
301;1485;mazowieckie;25-50;Central Park;7;neutral;0;1;0;1
302;1486;mazowieckie;250+;Central Park;9;promoters;0;0;1;1
303;1488;mazowieckie;100-250;Central Park;6;detractors;1;0;0;1
304;1490;mazowieckie;100-250;Central Park;2;detractors;1;0;0;1
305;1491;opolskie;51-100;Central Park;8;neutral;0;1;0;1
306;1501;opolskie;100-250;Central Park;8;neutral;0;1;0;1
307;1503;opolskie;51-100;Central Park;10;promoters;0;0;1;1
308;1504;opolskie;100-250;Central Park;6;detractors;1;0;0;1
309;1508;opolskie;100-250;Central Park;4;detractors;1;0;0;1
310;1514;opolskie;25-50;Central Park;8;neutral;0;1;0;1
311;1525;opolskie;25-50;Central Park;9;promoters;0;0;1;1
312;1531;opolskie;100-250;Central Park;3;detractors;1;0;0;1
313;1540;opolskie;250+;Central Park;7;neutral;0;1;0;1
314;1543;podkarpackie;100-250;Central Park;9;promoters;0;0;1;1
315;1545;podkarpackie;>25;Central Park;10;promoters;0;0;1;1
316;1546;podkarpackie;25-50;Central Park;3;detractors;1;0;0;1
317;1548;podkarpackie;100-250;Central Park;9;promoters;0;0;1;1
318;1562;podkarpackie;>25;Central Park;2;detractors;1;0;0;1
319;1567;podkarpackie;>25;Central Park;9;promoters;0;0;1;1
320;1575;podkarpackie;250+;Central Park;4;detractors;1;0;0;1
321;1578;podkarpackie;250+;Central Park;10;promoters;0;0;1;1
322;1581;podkarpackie;100-250;Central Park;7;neutral;0;1;0;1
323;1583;podkarpackie;51-100;Central Park;10;promoters;0;0;1;1
324;1588;podlaskie;>25;Central Park;4;detractors;1;0;0;1
325;1589;podlaskie;51-100;Central Park;4;detractors;1;0;0;1
326;1591;podlaskie;51-100;Central Park;10;promoters;0;0;1;1
327;1593;podlaskie;51-100;Central Park;5;detractors;1;0;0;1
328;1594;podlaskie;250+;Central Park;9;promoters;0;0;1;1
329;1599;podlaskie;250+;Central Park;1;detractors;1;0;0;1
330;1604;podlaskie;51-100;Central Park;1;detractors;1;0;0;1
331;1605;podlaskie;51-100;Central Park;3;detractors;1;0;0;1
332;1612;podlaskie;51-100;Central Park;5;detractors;1;0;0;1
333;1615;podlaskie;250+;Central Park;4;detractors;1;0;0;1
334;1626;podlaskie;25-50;Central Park;7;neutral;0;1;0;1
335;1629;podlaskie;250+;Central Park;5;detractors;1;0;0;1
336;1633;podlaskie;>25;Central Park;10;promoters;0;0;1;1
337;1634;pomorskie;>25;Central Park;8;neutral;0;1;0;1
338;1638;pomorskie;100-250;Central Park;3;detractors;1;0;0;1
339;1642;pomorskie;>25;Central Park;1;detractors;1;0;0;1
340;1649;pomorskie;51-100;Central Park;10;promoters;0;0;1;1
341;1651;pomorskie;>25;Central Park;5;detractors;1;0;0;1
342;1653;pomorskie;25-50;Central Park;6;detractors;1;0;0;1
343;1654;pomorskie;100-250;Central Park;7;neutral;0;1;0;1
344;1655;pomorskie;>25;Central Park;10;promoters;0;0;1;1
345;1660;lskie;51-100;Central Park;4;detractors;1;0;0;1
346;1664;lskie;25-50;Central Park;3;detractors;1;0;0;1
347;1665;lskie;100-250;Central Park;9;promoters;0;0;1;1
348;1666;lskie;25-50;Central Park;3;detractors;1;0;0;1
349;1672;witokrzyskie;250+;Central Park;8;neutral;0;1;0;1
350;1674;witokrzyskie;51-100;Central Park;6;detractors;1;0;0;1
351;1686;witokrzyskie;51-100;Central Park;9;promoters;0;0;1;1
352;1692;witokrzyskie;51-100;Central Park;8;neutral;0;1;0;1
353;1694;witokrzyskie;250+;Central Park;7;neutral;0;1;0;1
354;1697;warmisko-mazurskie;100-250;Central Park;8;neutral;0;1;0;1
355;1705;warmisko-mazurskie;25-50;Central Park;2;detractors;1;0;0;1
356;1710;warmisko-mazurskie;51-100;Central Park;9;promoters;0;0;1;1
357;1712;warmisko-mazurskie;>25;Central Park;8;neutral;0;1;0;1
358;1716;warmisko-mazurskie;100-250;Central Park;9;promoters;0;0;1;1
359;1717;warmisko-mazurskie;51-100;Central Park;3;detractors;1;0;0;1
360;1718;wielkopolskie;>25;Central Park;2;detractors;1;0;0;1
361;1719;wielkopolskie;250+;Central Park;7;neutral;0;1;0;1
362;1724;wielkopolskie;250+;Central Park;10;promoters;0;0;1;1
363;1725;wielkopolskie;250+;Central Park;5;detractors;1;0;0;1
364;1729;wielkopolskie;250+;Central Park;6;detractors;1;0;0;1
365;1733;wielkopolskie;25-50;Central Park;4;detractors;1;0;0;1
366;1734;wielkopolskie;250+;Central Park;6;detractors;1;0;0;1
367;1739;wielkopolskie;51-100;Central Park;6;detractors;1;0;0;1
368;1740;wielkopolskie;100-250;Central Park;6;detractors;1;0;0;1
369;1746;wielkopolskie;100-250;Central Park;3;detractors;1;0;0;1
370;1749;wielkopolskie;250+;Central Park;4;detractors;1;0;0;1
371;1752;wielkopolskie;250+;Central Park;9;promoters;0;0;1;1
372;1754;wielkopolskie;51-100;Central Park;1;detractors;1;0;0;1
373;1763;wielkopolskie;250+;Central Park;9;promoters;0;0;1;1
374;1767;wielkopolskie;100-250;Central Park;3;detractors;1;0;0;1
375;1771;wielkopolskie;51-100;Central Park;1;detractors;1;0;0;1
376;1777;wielkopolskie;250+;Central Park;10;promoters;0;0;1;1
377;1783;wielkopolskie;>25;Central Park;10;promoters;0;0;1;1
378;1792;wielkopolskie;250+;Central Park;7;neutral;0;1;0;1
379;1799;wielkopolskie;>25;Central Park;10;promoters;0;0;1;1
380;1800;wielkopolskie;>25;Central Park;2;detractors;1;0;0;1
381;1824;wielkopolskie;100-250;Central Park;3;detractors;1;0;0;1
382;1828;wielkopolskie;100-250;Central Park;9;promoters;0;0;1;1
383;1838;wielkopolskie;100-250;Central Park;9;promoters;0;0;1;1
384;1846;wielkopolskie;51-100;Central Park;1;detractors;1;0;0;1
385;1851;wielkopolskie;250+;Central Park;8;neutral;0;1;0;1
386;1860;wielkopolskie;>25;Central Park;4;detractors;1;0;0;1
387;1863;wielkopolskie;>25;Central Park;1;detractors;1;0;0;1
388;1866;wielkopolskie;>25;Central Park;9;promoters;0;0;1;1
389;1869;wielkopolskie;100-250;Central Park;2;detractors;1;0;0;1
390;1870;wielkopolskie;100-250;Central Park;7;neutral;0;1;0;1
391;1873;wielkopolskie;25-50;Central Park;10;promoters;0;0;1;1
392;1909;wielkopolskie;100-250;Central Park;4;detractors;1;0;0;1
393;1924;wielkopolskie;51-100;Central Park;7;neutral;0;1;0;1
394;1928;wielkopolskie;25-50;Central Park;9;promoters;0;0;1;1
395;1938;zachodniopomorskie);51-100;Central Park;5;detractors;1;0;0;1
396;1945;zachodniopomorskie);>25;Central Park;9;promoters;0;0;1;1
397;1958;zachodniopomorskie);>25;Central Park;7;neutral;0;1;0;1
398;1959;zachodniopomorskie);250+;Central Park;3;detractors;1;0;0;1
399;1135;dolnolskie;100-250;Cyberdyne;3;detractors;1;0;0;1
400;1136;dolnolskie;100-250;Cyberdyne;1;detractors;1;0;0;1
401;1137;dolnolskie;100-250;Cyberdyne;10;promoters;0;0;1;1
402;1141;dolnolskie;>25;Cyberdyne;9;promoters;0;0;1;1
403;1143;dolnolskie;100-250;Cyberdyne;9;promoters;0;0;1;1
404;1145;dolnolskie;51-100;Cyberdyne;5;detractors;1;0;0;1
405;1150;dolnolskie;25-50;Cyberdyne;7;neutral;0;1;0;1
406;1151;dolnolskie;100-250;Cyberdyne;4;detractors;1;0;0;1
407;1154;dolnolskie;100-250;Cyberdyne;5;detractors;1;0;0;1
408;1159;dolnolskie;250+;Cyberdyne;5;detractors;1;0;0;1
409;1160;dolnolskie;100-250;Cyberdyne;3;detractors;1;0;0;1
410;1167;dolnolskie;>25;Cyberdyne;10;promoters;0;0;1;1
411;1168;dolnolskie;>25;Cyberdyne;5;detractors;1;0;0;1
412;1169;dolnolskie;250+;Cyberdyne;8;neutral;0;1;0;1
413;1173;kujawsko-pomorskie;>25;Cyberdyne;4;detractors;1;0;0;1
414;1174;kujawsko-pomorskie;250+;Cyberdyne;9;promoters;0;0;1;1
415;1176;kujawsko-pomorskie;25-50;Cyberdyne;3;detractors;1;0;0;1
416;1177;kujawsko-pomorskie;>25;Cyberdyne;3;detractors;1;0;0;1
417;1178;kujawsko-pomorskie;25-50;Cyberdyne;8;neutral;0;1;0;1
418;1183;kujawsko-pomorskie;>25;Cyberdyne;2;detractors;1;0;0;1
419;1187;kujawsko-pomorskie;250+;Cyberdyne;9;promoters;0;0;1;1
420;1191;kujawsko-pomorskie;>25;Cyberdyne;4;detractors;1;0;0;1
421;1200;kujawsko-pomorskie;25-50;Cyberdyne;3;detractors;1;0;0;1
422;1202;kujawsko-pomorskie;250+;Cyberdyne;7;neutral;0;1;0;1
423;1203;kujawsko-pomorskie;100-250;Cyberdyne;3;detractors;1;0;0;1
424;1218;kujawsko-pomorskie;25-50;Cyberdyne;7;neutral;0;1;0;1
425;1221;kujawsko-pomorskie;>25;Cyberdyne;8;neutral;0;1;0;1
426;1223;kujawsko-pomorskie;100-250;Cyberdyne;5;detractors;1;0;0;1
427;1230;kujawsko-pomorskie;>25;Cyberdyne;5;detractors;1;0;0;1
428;1233;kujawsko-pomorskie;250+;Cyberdyne;0;detractors;1;0;0;1
429;1234;kujawsko-pomorskie;100-250;Cyberdyne;9;promoters;0;0;1;1
430;1236;kujawsko-pomorskie;51-100;Cyberdyne;9;promoters;0;0;1;1
431;1241;kujawsko-pomorskie;100-250;Cyberdyne;3;detractors;1;0;0;1
432;1242;kujawsko-pomorskie;250+;Cyberdyne;9;promoters;0;0;1;1
433;1251;kujawsko-pomorskie;250+;Cyberdyne;6;detractors;1;0;0;1
434;1253;kujawsko-pomorskie;>25;Cyberdyne;8;neutral;0;1;0;1
435;1256;lubelskie;100-250;Cyberdyne;1;detractors;1;0;0;1
436;1261;lubelskie;25-50;Cyberdyne;2;detractors;1;0;0;1
437;1271;lubelskie;>25;Cyberdyne;7;neutral;0;1;0;1
438;1272;lubelskie;25-50;Cyberdyne;6;detractors;1;0;0;1
439;1279;lubelskie;250+;Cyberdyne;6;detractors;1;0;0;1
440;1280;lubelskie;51-100;Cyberdyne;10;promoters;0;0;1;1
441;1282;lubelskie;250+;Cyberdyne;8;neutral;0;1;0;1
442;1286;lubelskie;25-50;Cyberdyne;3;detractors;1;0;0;1
443;1287;lubelskie;100-250;Cyberdyne;5;detractors;1;0;0;1
444;1288;lubelskie;>25;Cyberdyne;4;detractors;1;0;0;1
445;1291;lubelskie;250+;Cyberdyne;9;promoters;0;0;1;1
446;1292;lubelskie;100-250;Cyberdyne;5;detractors;1;0;0;1
447;1293;lubelskie;250+;Cyberdyne;5;detractors;1;0;0;1
448;1294;lubuskie;25-50;Cyberdyne;10;promoters;0;0;1;1
449;1295;lubuskie;100-250;Cyberdyne;1;detractors;1;0;0;1
450;1301;lubuskie;250+;Cyberdyne;8;neutral;0;1;0;1
451;1304;lubuskie;25-50;Cyberdyne;2;detractors;1;0;0;1
452;1311;lubuskie;100-250;Cyberdyne;8;neutral;0;1;0;1
453;1316;lubuskie;100-250;Cyberdyne;7;neutral;0;1;0;1
454;1319;lubuskie;100-250;Cyberdyne;5;detractors;1;0;0;1
455;1322;lubuskie;51-100;Cyberdyne;6;detractors;1;0;0;1
456;1323;lubuskie;100-250;Cyberdyne;9;promoters;0;0;1;1
457;1327;lubuskie;25-50;Cyberdyne;9;promoters;0;0;1;1
458;1329;lubuskie;25-50;Cyberdyne;7;neutral;0;1;0;1
459;1336;lubuskie;>25;Cyberdyne;0;detractors;1;0;0;1
460;1339;lubuskie;>25;Cyberdyne;10;promoters;0;0;1;1
461;1342;lubuskie;>25;Cyberdyne;1;detractors;1;0;0;1
462;1344;lubuskie;250+;Cyberdyne;2;detractors;1;0;0;1
463;1356;lubuskie;51-100;Cyberdyne;9;promoters;0;0;1;1
464;1357;lubuskie;51-100;Cyberdyne;3;detractors;1;0;0;1
465;1358;贸dzkie;100-250;Cyberdyne;2;detractors;1;0;0;1
466;1360;贸dzkie;250+;Cyberdyne;5;detractors;1;0;0;1
467;1364;贸dzkie;51-100;Cyberdyne;10;promoters;0;0;1;1
468;1368;贸dzkie;>25;Cyberdyne;1;detractors;1;0;0;1
469;1371;贸dzkie;25-50;Cyberdyne;3;detractors;1;0;0;1
470;1375;贸dzkie;>25;Cyberdyne;3;detractors;1;0;0;1
471;1377;贸dzkie;>25;Cyberdyne;6;detractors;1;0;0;1
472;1382;贸dzkie;>25;Cyberdyne;8;neutral;0;1;0;1
473;1387;maopolskie;>25;Cyberdyne;1;detractors;1;0;0;1
474;1388;maopolskie;51-100;Cyberdyne;5;detractors;1;0;0;1
475;1393;maopolskie;>25;Cyberdyne;9;promoters;0;0;1;1
476;1397;maopolskie;250+;Cyberdyne;2;detractors;1;0;0;1
477;1399;maopolskie;100-250;Cyberdyne;4;detractors;1;0;0;1
478;1403;maopolskie;250+;Cyberdyne;10;promoters;0;0;1;1
479;1404;maopolskie;>25;Cyberdyne;1;detractors;1;0;0;1
480;1406;mazowieckie;250+;Cyberdyne;4;detractors;1;0;0;1
481;1410;mazowieckie;>25;Cyberdyne;10;promoters;0;0;1;1
482;1412;mazowieckie;250+;Cyberdyne;3;detractors;1;0;0;1
483;1413;mazowieckie;100-250;Cyberdyne;9;promoters;0;0;1;1
484;1415;mazowieckie;51-100;Cyberdyne;8;neutral;0;1;0;1
485;1419;mazowieckie;>25;Cyberdyne;1;detractors;1;0;0;1
486;1424;mazowieckie;250+;Cyberdyne;4;detractors;1;0;0;1
487;1430;mazowieckie;250+;Cyberdyne;1;detractors;1;0;0;1
488;1438;mazowieckie;100-250;Cyberdyne;9;promoters;0;0;1;1
489;1439;mazowieckie;25-50;Cyberdyne;6;detractors;1;0;0;1
490;1440;mazowieckie;100-250;Cyberdyne;10;promoters;0;0;1;1
491;1442;mazowieckie;250+;Cyberdyne;1;detractors;1;0;0;1
492;1450;mazowieckie;>25;Cyberdyne;6;detractors;1;0;0;1
493;1451;mazowieckie;51-100;Cyberdyne;6;detractors;1;0;0;1
494;1458;mazowieckie;250+;Cyberdyne;9;promoters;0;0;1;1
495;1462;mazowieckie;>25;Cyberdyne;0;detractors;1;0;0;1
496;1469;mazowieckie;>25;Cyberdyne;8;neutral;0;1;0;1
497;1475;mazowieckie;100-250;Cyberdyne;5;detractors;1;0;0;1
498;1476;mazowieckie;250+;Cyberdyne;7;neutral;0;1;0;1
499;1477;mazowieckie;>25;Cyberdyne;4;detractors;1;0;0;1
500;1485;mazowieckie;25-50;Cyberdyne;4;detractors;1;0;0;1
501;1486;mazowieckie;250+;Cyberdyne;8;neutral;0;1;0;1
502;1488;mazowieckie;100-250;Cyberdyne;1;detractors;1;0;0;1
503;1490;mazowieckie;100-250;Cyberdyne;9;promoters;0;0;1;1
504;1491;opolskie;51-100;Cyberdyne;10;promoters;0;0;1;1
505;1501;opolskie;100-250;Cyberdyne;10;promoters;0;0;1;1
506;1503;opolskie;51-100;Cyberdyne;7;neutral;0;1;0;1
507;1504;opolskie;100-250;Cyberdyne;8;neutral;0;1;0;1
508;1508;opolskie;100-250;Cyberdyne;9;promoters;0;0;1;1
509;1514;opolskie;25-50;Cyberdyne;9;promoters;0;0;1;1
510;1525;opolskie;25-50;Cyberdyne;7;neutral;0;1;0;1
511;1529;opolskie;100-250;Cyberdyne;9;promoters;0;0;1;1
512;1531;opolskie;100-250;Cyberdyne;2;detractors;1;0;0;1
513;1540;opolskie;250+;Cyberdyne;2;detractors;1;0;0;1
514;1543;podkarpackie;100-250;Cyberdyne;1;detractors;1;0;0;1
515;1545;podkarpackie;>25;Cyberdyne;5;detractors;1;0;0;1
516;1546;podkarpackie;25-50;Cyberdyne;5;detractors;1;0;0;1
517;1548;podkarpackie;100-250;Cyberdyne;10;promoters;0;0;1;1
518;1562;podkarpackie;>25;Cyberdyne;8;neutral;0;1;0;1
519;1567;podkarpackie;>25;Cyberdyne;9;promoters;0;0;1;1
520;1575;podkarpackie;250+;Cyberdyne;4;detractors;1;0;0;1
521;1578;podkarpackie;250+;Cyberdyne;4;detractors;1;0;0;1
522;1581;podkarpackie;100-250;Cyberdyne;2;detractors;1;0;0;1
523;1583;podkarpackie;51-100;Cyberdyne;5;detractors;1;0;0;1
524;1588;podlaskie;>25;Cyberdyne;4;detractors;1;0;0;1
525;1589;podlaskie;51-100;Cyberdyne;3;detractors;1;0;0;1
526;1591;podlaskie;51-100;Cyberdyne;5;detractors;1;0;0;1
527;1593;podlaskie;51-100;Cyberdyne;8;neutral;0;1;0;1
528;1594;podlaskie;250+;Cyberdyne;3;detractors;1;0;0;1
529;1599;podlaskie;250+;Cyberdyne;1;detractors;1;0;0;1
530;1604;podlaskie;51-100;Cyberdyne;9;promoters;0;0;1;1
531;1605;podlaskie;51-100;Cyberdyne;6;detractors;1;0;0;1
532;1612;podlaskie;51-100;Cyberdyne;1;detractors;1;0;0;1
533;1615;podlaskie;250+;Cyberdyne;7;neutral;0;1;0;1
534;1626;podlaskie;25-50;Cyberdyne;1;detractors;1;0;0;1
535;1629;podlaskie;250+;Cyberdyne;2;detractors;1;0;0;1
536;1633;podlaskie;>25;Cyberdyne;4;detractors;1;0;0;1
537;1634;pomorskie;>25;Cyberdyne;8;neutral;0;1;0;1
538;1638;pomorskie;100-250;Cyberdyne;4;detractors;1;0;0;1
539;1642;pomorskie;>25;Cyberdyne;7;neutral;0;1;0;1
540;1649;pomorskie;51-100;Cyberdyne;9;promoters;0;0;1;1
541;1651;pomorskie;>25;Cyberdyne;1;detractors;1;0;0;1
542;1653;pomorskie;25-50;Cyberdyne;9;promoters;0;0;1;1
543;1654;pomorskie;100-250;Cyberdyne;7;neutral;0;1;0;1
544;1655;pomorskie;>25;Cyberdyne;7;neutral;0;1;0;1
545;1660;lskie;51-100;Cyberdyne;3;detractors;1;0;0;1
546;1664;lskie;25-50;Cyberdyne;5;detractors;1;0;0;1
547;1665;lskie;100-250;Cyberdyne;2;detractors;1;0;0;1
548;1666;lskie;25-50;Cyberdyne;8;neutral;0;1;0;1
549;1672;witokrzyskie;250+;Cyberdyne;1;detractors;1;0;0;1
550;1674;witokrzyskie;51-100;Cyberdyne;3;detractors;1;0;0;1
551;1686;witokrzyskie;51-100;Cyberdyne;10;promoters;0;0;1;1
552;1692;witokrzyskie;51-100;Cyberdyne;3;detractors;1;0;0;1
553;1694;witokrzyskie;250+;Cyberdyne;4;detractors;1;0;0;1
554;1697;warmisko-mazurskie;100-250;Cyberdyne;2;detractors;1;0;0;1
555;1705;warmisko-mazurskie;25-50;Cyberdyne;8;neutral;0;1;0;1
556;1710;warmisko-mazurskie;51-100;Cyberdyne;8;neutral;0;1;0;1
557;1712;warmisko-mazurskie;>25;Cyberdyne;8;neutral;0;1;0;1
558;1716;warmisko-mazurskie;100-250;Cyberdyne;1;detractors;1;0;0;1
559;1717;warmisko-mazurskie;51-100;Cyberdyne;9;promoters;0;0;1;1
560;1718;wielkopolskie;>25;Cyberdyne;8;neutral;0;1;0;1
561;1719;wielkopolskie;250+;Cyberdyne;3;detractors;1;0;0;1
562;1724;wielkopolskie;250+;Cyberdyne;5;detractors;1;0;0;1
563;1725;wielkopolskie;250+;Cyberdyne;6;detractors;1;0;0;1
564;1729;wielkopolskie;250+;Cyberdyne;7;neutral;0;1;0;1
565;1733;wielkopolskie;25-50;Cyberdyne;3;detractors;1;0;0;1
566;1734;wielkopolskie;250+;Cyberdyne;8;neutral;0;1;0;1
567;1739;wielkopolskie;51-100;Cyberdyne;0;detractors;1;0;0;1
568;1740;wielkopolskie;100-250;Cyberdyne;1;detractors;1;0;0;1
569;1746;wielkopolskie;100-250;Cyberdyne;9;promoters;0;0;1;1
570;1749;wielkopolskie;250+;Cyberdyne;8;neutral;0;1;0;1
571;1752;wielkopolskie;250+;Cyberdyne;6;detractors;1;0;0;1
572;1754;wielkopolskie;51-100;Cyberdyne;7;neutral;0;1;0;1
573;1763;wielkopolskie;250+;Cyberdyne;4;detractors;1;0;0;1
574;1767;wielkopolskie;100-250;Cyberdyne;7;neutral;0;1;0;1
575;1771;wielkopolskie;51-100;Cyberdyne;1;detractors;1;0;0;1
576;1777;wielkopolskie;250+;Cyberdyne;3;detractors;1;0;0;1
577;1783;wielkopolskie;>25;Cyberdyne;1;detractors;1;0;0;1
578;1792;wielkopolskie;250+;Cyberdyne;10;promoters;0;0;1;1
579;1799;wielkopolskie;>25;Cyberdyne;1;detractors;1;0;0;1
580;1800;wielkopolskie;>25;Cyberdyne;9;promoters;0;0;1;1
581;1828;wielkopolskie;100-250;Cyberdyne;5;detractors;1;0;0;1
582;1838;wielkopolskie;100-250;Cyberdyne;10;promoters;0;0;1;1
583;1846;wielkopolskie;51-100;Cyberdyne;9;promoters;0;0;1;1
584;1851;wielkopolskie;250+;Cyberdyne;6;detractors;1;0;0;1
585;1860;wielkopolskie;>25;Cyberdyne;2;detractors;1;0;0;1
586;1863;wielkopolskie;>25;Cyberdyne;10;promoters;0;0;1;1
587;1866;wielkopolskie;>25;Cyberdyne;10;promoters;0;0;1;1
588;1869;wielkopolskie;100-250;Cyberdyne;7;neutral;0;1;0;1
589;1870;wielkopolskie;100-250;Cyberdyne;10;promoters;0;0;1;1
590;1873;wielkopolskie;25-50;Cyberdyne;4;detractors;1;0;0;1
591;1909;wielkopolskie;100-250;Cyberdyne;2;detractors;1;0;0;1
592;1924;wielkopolskie;51-100;Cyberdyne;2;detractors;1;0;0;1
593;1928;wielkopolskie;25-50;Cyberdyne;6;detractors;1;0;0;1
594;1938;zachodniopomorskie);51-100;Cyberdyne;9;promoters;0;0;1;1
595;1945;zachodniopomorskie);>25;Cyberdyne;9;promoters;0;0;1;1
596;1958;zachodniopomorskie);>25;Cyberdyne;4;detractors;1;0;0;1
597;1959;zachodniopomorskie);250+;Cyberdyne;3;detractors;1;0;0;1
598;1135;dolnolskie;100-250;Weyland-Yutani;9;promoters;0;0;1;1
599;1137;dolnolskie;100-250;Weyland-Yutani;9;promoters;0;0;1;1
600;1141;dolnolskie;>25;Weyland-Yutani;6;detractors;1;0;0;1
601;1143;dolnolskie;100-250;Weyland-Yutani;5;detractors;1;0;0;1
602;1145;dolnolskie;51-100;Weyland-Yutani;9;promoters;0;0;1;1
603;1150;dolnolskie;25-50;Weyland-Yutani;0;detractors;1;0;0;1
604;1151;dolnolskie;100-250;Weyland-Yutani;4;detractors;1;0;0;1
605;1154;dolnolskie;100-250;Weyland-Yutani;9;promoters;0;0;1;1
606;1160;dolnolskie;100-250;Weyland-Yutani;8;neutral;0;1;0;1
607;1167;dolnolskie;>25;Weyland-Yutani;3;detractors;1;0;0;1
608;1168;dolnolskie;>25;Weyland-Yutani;5;detractors;1;0;0;1
609;1169;dolnolskie;250+;Weyland-Yutani;4;detractors;1;0;0;1
610;1173;kujawsko-pomorskie;>25;Weyland-Yutani;3;detractors;1;0;0;1
611;1174;kujawsko-pomorskie;250+;Weyland-Yutani;6;detractors;1;0;0;1
612;1176;kujawsko-pomorskie;25-50;Weyland-Yutani;2;detractors;1;0;0;1
613;1177;kujawsko-pomorskie;>25;Weyland-Yutani;7;neutral;0;1;0;1
614;1178;kujawsko-pomorskie;25-50;Weyland-Yutani;4;detractors;1;0;0;1
615;1183;kujawsko-pomorskie;>25;Weyland-Yutani;9;promoters;0;0;1;1
616;1187;kujawsko-pomorskie;250+;Weyland-Yutani;7;neutral;0;1;0;1
617;1191;kujawsko-pomorskie;>25;Weyland-Yutani;9;promoters;0;0;1;1
618;1200;kujawsko-pomorskie;25-50;Weyland-Yutani;6;detractors;1;0;0;1
619;1202;kujawsko-pomorskie;250+;Weyland-Yutani;5;detractors;1;0;0;1
620;1203;kujawsko-pomorskie;100-250;Weyland-Yutani;9;promoters;0;0;1;1
621;1218;kujawsko-pomorskie;25-50;Weyland-Yutani;9;promoters;0;0;1;1
622;1221;kujawsko-pomorskie;>25;Weyland-Yutani;3;detractors;1;0;0;1
623;1223;kujawsko-pomorskie;100-250;Weyland-Yutani;4;detractors;1;0;0;1
624;1230;kujawsko-pomorskie;>25;Weyland-Yutani;6;detractors;1;0;0;1
625;1233;kujawsko-pomorskie;250+;Weyland-Yutani;7;neutral;0;1;0;1
626;1234;kujawsko-pomorskie;100-250;Weyland-Yutani;7;neutral;0;1;0;1
627;1236;kujawsko-pomorskie;51-100;Weyland-Yutani;8;neutral;0;1;0;1
628;1241;kujawsko-pomorskie;100-250;Weyland-Yutani;1;detractors;1;0;0;1
629;1242;kujawsko-pomorskie;250+;Weyland-Yutani;4;detractors;1;0;0;1
630;1251;kujawsko-pomorskie;250+;Weyland-Yutani;4;detractors;1;0;0;1
631;1253;kujawsko-pomorskie;>25;Weyland-Yutani;6;detractors;1;0;0;1
632;1256;lubelskie;100-250;Weyland-Yutani;7;neutral;0;1;0;1
633;1261;lubelskie;25-50;Weyland-Yutani;4;detractors;1;0;0;1
634;1271;lubelskie;>25;Weyland-Yutani;7;neutral;0;1;0;1
635;1272;lubelskie;25-50;Weyland-Yutani;5;detractors;1;0;0;1
636;1279;lubelskie;250+;Weyland-Yutani;3;detractors;1;0;0;1
637;1280;lubelskie;51-100;Weyland-Yutani;6;detractors;1;0;0;1
638;1282;lubelskie;250+;Weyland-Yutani;5;detractors;1;0;0;1
639;1286;lubelskie;25-50;Weyland-Yutani;4;detractors;1;0;0;1
640;1287;lubelskie;100-250;Weyland-Yutani;4;detractors;1;0;0;1
641;1288;lubelskie;>25;Weyland-Yutani;2;detractors;1;0;0;1
642;1291;lubelskie;250+;Weyland-Yutani;1;detractors;1;0;0;1
643;1292;lubelskie;100-250;Weyland-Yutani;10;promoters;0;0;1;1
644;1293;lubelskie;250+;Weyland-Yutani;6;detractors;1;0;0;1
645;1294;lubuskie;25-50;Weyland-Yutani;4;detractors;1;0;0;1
646;1295;lubuskie;100-250;Weyland-Yutani;2;detractors;1;0;0;1
647;1301;lubuskie;250+;Weyland-Yutani;1;detractors;1;0;0;1
648;1304;lubuskie;25-50;Weyland-Yutani;9;promoters;0;0;1;1
649;1311;lubuskie;100-250;Weyland-Yutani;2;detractors;1;0;0;1
650;1316;lubuskie;100-250;Weyland-Yutani;4;detractors;1;0;0;1
651;1319;lubuskie;100-250;Weyland-Yutani;7;neutral;0;1;0;1
652;1322;lubuskie;51-100;Weyland-Yutani;4;detractors;1;0;0;1
653;1323;lubuskie;100-250;Weyland-Yutani;9;promoters;0;0;1;1
654;1327;lubuskie;25-50;Weyland-Yutani;6;detractors;1;0;0;1
655;1329;lubuskie;25-50;Weyland-Yutani;4;detractors;1;0;0;1
656;1336;lubuskie;>25;Weyland-Yutani;1;detractors;1;0;0;1
657;1339;lubuskie;>25;Weyland-Yutani;2;detractors;1;0;0;1
658;1342;lubuskie;>25;Weyland-Yutani;7;neutral;0;1;0;1
659;1344;lubuskie;250+;Weyland-Yutani;6;detractors;1;0;0;1
660;1356;lubuskie;51-100;Weyland-Yutani;8;neutral;0;1;0;1
661;1357;lubuskie;51-100;Weyland-Yutani;7;neutral;0;1;0;1
662;1358;贸dzkie;100-250;Weyland-Yutani;9;promoters;0;0;1;1
663;1360;贸dzkie;250+;Weyland-Yutani;7;neutral;0;1;0;1
664;1364;贸dzkie;51-100;Weyland-Yutani;5;detractors;1;0;0;1
665;1368;贸dzkie;>25;Weyland-Yutani;7;neutral;0;1;0;1
666;1371;贸dzkie;25-50;Weyland-Yutani;4;detractors;1;0;0;1
667;1375;贸dzkie;>25;Weyland-Yutani;3;detractors;1;0;0;1
668;1377;贸dzkie;>25;Weyland-Yutani;0;detractors;1;0;0;1
669;1382;贸dzkie;>25;Weyland-Yutani;10;promoters;0;0;1;1
670;1387;maopolskie;>25;Weyland-Yutani;3;detractors;1;0;0;1
671;1388;maopolskie;51-100;Weyland-Yutani;2;detractors;1;0;0;1
672;1393;maopolskie;>25;Weyland-Yutani;0;detractors;1;0;0;1
673;1397;maopolskie;250+;Weyland-Yutani;9;promoters;0;0;1;1
674;1399;maopolskie;100-250;Weyland-Yutani;6;detractors;1;0;0;1
675;1403;maopolskie;250+;Weyland-Yutani;0;detractors;1;0;0;1
676;1404;maopolskie;>25;Weyland-Yutani;1;detractors;1;0;0;1
677;1406;mazowieckie;250+;Weyland-Yutani;4;detractors;1;0;0;1
678;1410;mazowieckie;>25;Weyland-Yutani;5;detractors;1;0;0;1
679;1412;mazowieckie;250+;Weyland-Yutani;5;detractors;1;0;0;1
680;1413;mazowieckie;100-250;Weyland-Yutani;4;detractors;1;0;0;1
681;1415;mazowieckie;51-100;Weyland-Yutani;10;promoters;0;0;1;1
682;1419;mazowieckie;>25;Weyland-Yutani;1;detractors;1;0;0;1
683;1424;mazowieckie;250+;Weyland-Yutani;8;neutral;0;1;0;1
684;1430;mazowieckie;250+;Weyland-Yutani;1;detractors;1;0;0;1
685;1438;mazowieckie;100-250;Weyland-Yutani;2;detractors;1;0;0;1
686;1439;mazowieckie;25-50;Weyland-Yutani;9;promoters;0;0;1;1
687;1440;mazowieckie;100-250;Weyland-Yutani;8;neutral;0;1;0;1
688;1442;mazowieckie;250+;Weyland-Yutani;7;neutral;0;1;0;1
689;1450;mazowieckie;>25;Weyland-Yutani;4;detractors;1;0;0;1
690;1451;mazowieckie;51-100;Weyland-Yutani;8;neutral;0;1;0;1
691;1458;mazowieckie;250+;Weyland-Yutani;6;detractors;1;0;0;1
692;1462;mazowieckie;>25;Weyland-Yutani;8;neutral;0;1;0;1
693;1469;mazowieckie;>25;Weyland-Yutani;6;detractors;1;0;0;1
694;1475;mazowieckie;100-250;Weyland-Yutani;1;detractors;1;0;0;1
695;1476;mazowieckie;250+;Weyland-Yutani;3;detractors;1;0;0;1
696;1477;mazowieckie;>25;Weyland-Yutani;5;detractors;1;0;0;1
697;1485;mazowieckie;25-50;Weyland-Yutani;9;promoters;0;0;1;1
698;1486;mazowieckie;250+;Weyland-Yutani;3;detractors;1;0;0;1
699;1488;mazowieckie;100-250;Weyland-Yutani;5;detractors;1;0;0;1
700;1490;mazowieckie;100-250;Weyland-Yutani;3;detractors;1;0;0;1
701;1491;opolskie;51-100;Weyland-Yutani;8;neutral;0;1;0;1
702;1501;opolskie;100-250;Weyland-Yutani;6;detractors;1;0;0;1
703;1503;opolskie;51-100;Weyland-Yutani;4;detractors;1;0;0;1
704;1504;opolskie;100-250;Weyland-Yutani;1;detractors;1;0;0;1
705;1508;opolskie;100-250;Weyland-Yutani;9;promoters;0;0;1;1
706;1514;opolskie;25-50;Weyland-Yutani;4;detractors;1;0;0;1
707;1525;opolskie;25-50;Weyland-Yutani;3;detractors;1;0;0;1
708;1529;opolskie;100-250;Weyland-Yutani;3;detractors;1;0;0;1
709;1531;opolskie;100-250;Weyland-Yutani;6;detractors;1;0;0;1
710;1540;opolskie;250+;Weyland-Yutani;9;promoters;0;0;1;1
711;1543;podkarpackie;100-250;Weyland-Yutani;1;detractors;1;0;0;1
712;1545;podkarpackie;>25;Weyland-Yutani;9;promoters;0;0;1;1
713;1546;podkarpackie;25-50;Weyland-Yutani;7;neutral;0;1;0;1
714;1548;podkarpackie;100-250;Weyland-Yutani;6;detractors;1;0;0;1
715;1562;podkarpackie;>25;Weyland-Yutani;5;detractors;1;0;0;1
716;1567;podkarpackie;>25;Weyland-Yutani;5;detractors;1;0;0;1
717;1575;podkarpackie;250+;Weyland-Yutani;3;detractors;1;0;0;1
718;1578;podkarpackie;250+;Weyland-Yutani;2;detractors;1;0;0;1
719;1581;podkarpackie;100-250;Weyland-Yutani;9;promoters;0;0;1;1
720;1583;podkarpackie;51-100;Weyland-Yutani;4;detractors;1;0;0;1
721;1588;podlaskie;>25;Weyland-Yutani;2;detractors;1;0;0;1
722;1589;podlaskie;51-100;Weyland-Yutani;6;detractors;1;0;0;1
723;1591;podlaskie;51-100;Weyland-Yutani;9;promoters;0;0;1;1
724;1593;podlaskie;51-100;Weyland-Yutani;6;detractors;1;0;0;1
725;1594;podlaskie;250+;Weyland-Yutani;4;detractors;1;0;0;1
726;1599;podlaskie;250+;Weyland-Yutani;9;promoters;0;0;1;1
727;1604;podlaskie;51-100;Weyland-Yutani;7;neutral;0;1;0;1
728;1605;podlaskie;51-100;Weyland-Yutani;8;neutral;0;1;0;1
729;1612;podlaskie;51-100;Weyland-Yutani;1;detractors;1;0;0;1
730;1615;podlaskie;250+;Weyland-Yutani;4;detractors;1;0;0;1
731;1626;podlaskie;25-50;Weyland-Yutani;7;neutral;0;1;0;1
732;1629;podlaskie;250+;Weyland-Yutani;3;detractors;1;0;0;1
733;1633;podlaskie;>25;Weyland-Yutani;6;detractors;1;0;0;1
734;1634;pomorskie;>25;Weyland-Yutani;8;neutral;0;1;0;1
735;1638;pomorskie;100-250;Weyland-Yutani;1;detractors;1;0;0;1
736;1642;pomorskie;>25;Weyland-Yutani;8;neutral;0;1;0;1
737;1649;pomorskie;51-100;Weyland-Yutani;1;detractors;1;0;0;1
738;1651;pomorskie;>25;Weyland-Yutani;8;neutral;0;1;0;1
739;1653;pomorskie;25-50;Weyland-Yutani;6;detractors;1;0;0;1
740;1654;pomorskie;100-250;Weyland-Yutani;6;detractors;1;0;0;1
741;1655;pomorskie;>25;Weyland-Yutani;3;detractors;1;0;0;1
742;1660;lskie;51-100;Weyland-Yutani;10;promoters;0;0;1;1
743;1664;lskie;25-50;Weyland-Yutani;0;detractors;1;0;0;1
744;1665;lskie;100-250;Weyland-Yutani;3;detractors;1;0;0;1
745;1666;lskie;25-50;Weyland-Yutani;7;neutral;0;1;0;1
746;1672;witokrzyskie;250+;Weyland-Yutani;4;detractors;1;0;0;1
747;1674;witokrzyskie;51-100;Weyland-Yutani;8;neutral;0;1;0;1
748;1686;witokrzyskie;51-100;Weyland-Yutani;2;detractors;1;0;0;1
749;1692;witokrzyskie;51-100;Weyland-Yutani;8;neutral;0;1;0;1
750;1694;witokrzyskie;250+;Weyland-Yutani;4;detractors;1;0;0;1
751;1697;warmisko-mazurskie;100-250;Weyland-Yutani;3;detractors;1;0;0;1
752;1705;warmisko-mazurskie;25-50;Weyland-Yutani;5;detractors;1;0;0;1
753;1710;warmisko-mazurskie;51-100;Weyland-Yutani;2;detractors;1;0;0;1
754;1712;warmisko-mazurskie;>25;Weyland-Yutani;5;detractors;1;0;0;1
755;1716;warmisko-mazurskie;100-250;Weyland-Yutani;3;detractors;1;0;0;1
756;1717;warmisko-mazurskie;51-100;Weyland-Yutani;10;promoters;0;0;1;1
757;1718;wielkopolskie;>25;Weyland-Yutani;6;detractors;1;0;0;1
758;1719;wielkopolskie;250+;Weyland-Yutani;3;detractors;1;0;0;1
759;1724;wielkopolskie;250+;Weyland-Yutani;6;detractors;1;0;0;1
760;1725;wielkopolskie;250+;Weyland-Yutani;4;detractors;1;0;0;1
761;1729;wielkopolskie;250+;Weyland-Yutani;6;detractors;1;0;0;1
762;1733;wielkopolskie;25-50;Weyland-Yutani;6;detractors;1;0;0;1
763;1734;wielkopolskie;250+;Weyland-Yutani;7;neutral;0;1;0;1
764;1739;wielkopolskie;51-100;Weyland-Yutani;0;detractors;1;0;0;1
765;1740;wielkopolskie;100-250;Weyland-Yutani;1;detractors;1;0;0;1
766;1746;wielkopolskie;100-250;Weyland-Yutani;10;promoters;0;0;1;1
767;1749;wielkopolskie;250+;Weyland-Yutani;4;detractors;1;0;0;1
768;1752;wielkopolskie;250+;Weyland-Yutani;5;detractors;1;0;0;1
769;1754;wielkopolskie;51-100;Weyland-Yutani;10;promoters;0;0;1;1
770;1763;wielkopolskie;250+;Weyland-Yutani;1;detractors;1;0;0;1
771;1767;wielkopolskie;100-250;Weyland-Yutani;8;neutral;0;1;0;1
772;1771;wielkopolskie;51-100;Weyland-Yutani;7;neutral;0;1;0;1
773;1777;wielkopolskie;250+;Weyland-Yutani;6;detractors;1;0;0;1
774;1783;wielkopolskie;>25;Weyland-Yutani;0;detractors;1;0;0;1
775;1792;wielkopolskie;250+;Weyland-Yutani;7;neutral;0;1;0;1
776;1799;wielkopolskie;>25;Weyland-Yutani;7;neutral;0;1;0;1
777;1800;wielkopolskie;>25;Weyland-Yutani;3;detractors;1;0;0;1
778;1824;wielkopolskie;100-250;Weyland-Yutani;9;promoters;0;0;1;1
779;1828;wielkopolskie;100-250;Weyland-Yutani;2;detractors;1;0;0;1
780;1838;wielkopolskie;100-250;Weyland-Yutani;7;neutral;0;1;0;1
781;1846;wielkopolskie;51-100;Weyland-Yutani;7;neutral;0;1;0;1
782;1851;wielkopolskie;250+;Weyland-Yutani;3;detractors;1;0;0;1
783;1860;wielkopolskie;>25;Weyland-Yutani;7;neutral;0;1;0;1
784;1863;wielkopolskie;>25;Weyland-Yutani;2;detractors;1;0;0;1
785;1866;wielkopolskie;>25;Weyland-Yutani;5;detractors;1;0;0;1
786;1869;wielkopolskie;100-250;Weyland-Yutani;10;promoters;0;0;1;1
787;1870;wielkopolskie;100-250;Weyland-Yutani;3;detractors;1;0;0;1
788;1873;wielkopolskie;25-50;Weyland-Yutani;6;detractors;1;0;0;1
789;1909;wielkopolskie;100-250;Weyland-Yutani;4;detractors;1;0;0;1
790;1924;wielkopolskie;51-100;Weyland-Yutani;1;detractors;1;0;0;1
791;1928;wielkopolskie;25-50;Weyland-Yutani;6;detractors;1;0;0;1
792;1938;zachodniopomorskie);51-100;Weyland-Yutani;5;detractors;1;0;0;1
793;1945;zachodniopomorskie);>25;Weyland-Yutani;2;detractors;1;0;0;1
794;1958;zachodniopomorskie);>25;Weyland-Yutani;8;neutral;0;1;0;1
795;1959;zachodniopomorskie);250+;Weyland-Yutani;4;detractors;1;0;0;1
796;1135;dolnolskie;100-250;Tyrell Corporation;5;detractors;1;0;0;1
797;1136;dolnolskie;100-250;Tyrell Corporation;2;detractors;1;0;0;1
798;1137;dolnolskie;100-250;Tyrell Corporation;9;promoters;0;0;1;1
799;1141;dolnolskie;>25;Tyrell Corporation;6;detractors;1;0;0;1
800;1143;dolnolskie;100-250;Tyrell Corporation;8;neutral;0;1;0;1
801;1145;dolnolskie;51-100;Tyrell Corporation;2;detractors;1;0;0;1
802;1150;dolnolskie;25-50;Tyrell Corporation;5;detractors;1;0;0;1
803;1151;dolnolskie;100-250;Tyrell Corporation;4;detractors;1;0;0;1
804;1154;dolnolskie;100-250;Tyrell Corporation;6;detractors;1;0;0;1
805;1159;dolnolskie;250+;Tyrell Corporation;9;promoters;0;0;1;1
806;1160;dolnolskie;100-250;Tyrell Corporation;10;promoters;0;0;1;1
807;1167;dolnolskie;>25;Tyrell Corporation;9;promoters;0;0;1;1
808;1168;dolnolskie;>25;Tyrell Corporation;10;promoters;0;0;1;1
809;1169;dolnolskie;250+;Tyrell Corporation;9;promoters;0;0;1;1
810;1173;kujawsko-pomorskie;>25;Tyrell Corporation;7;neutral;0;1;0;1
811;1174;kujawsko-pomorskie;250+;Tyrell Corporation;7;neutral;0;1;0;1
812;1176;kujawsko-pomorskie;25-50;Tyrell Corporation;10;promoters;0;0;1;1
813;1177;kujawsko-pomorskie;>25;Tyrell Corporation;7;neutral;0;1;0;1
814;1178;kujawsko-pomorskie;25-50;Tyrell Corporation;9;promoters;0;0;1;1
815;1183;kujawsko-pomorskie;>25;Tyrell Corporation;3;detractors;1;0;0;1
816;1187;kujawsko-pomorskie;250+;Tyrell Corporation;9;promoters;0;0;1;1
817;1191;kujawsko-pomorskie;>25;Tyrell Corporation;1;detractors;1;0;0;1
818;1200;kujawsko-pomorskie;25-50;Tyrell Corporation;3;detractors;1;0;0;1
819;1202;kujawsko-pomorskie;250+;Tyrell Corporation;8;neutral;0;1;0;1
820;1203;kujawsko-pomorskie;100-250;Tyrell Corporation;9;promoters;0;0;1;1
821;1218;kujawsko-pomorskie;25-50;Tyrell Corporation;7;neutral;0;1;0;1
822;1221;kujawsko-pomorskie;>25;Tyrell Corporation;7;neutral;0;1;0;1
823;1223;kujawsko-pomorskie;100-250;Tyrell Corporation;1;detractors;1;0;0;1
824;1230;kujawsko-pomorskie;>25;Tyrell Corporation;3;detractors;1;0;0;1
825;1233;kujawsko-pomorskie;250+;Tyrell Corporation;6;detractors;1;0;0;1
826;1234;kujawsko-pomorskie;100-250;Tyrell Corporation;4;detractors;1;0;0;1
827;1236;kujawsko-pomorskie;51-100;Tyrell Corporation;10;promoters;0;0;1;1
828;1241;kujawsko-pomorskie;100-250;Tyrell Corporation;3;detractors;1;0;0;1
829;1242;kujawsko-pomorskie;250+;Tyrell Corporation;8;neutral;0;1;0;1
830;1251;kujawsko-pomorskie;250+;Tyrell Corporation;6;detractors;1;0;0;1
831;1253;kujawsko-pomorskie;>25;Tyrell Corporation;2;detractors;1;0;0;1
832;1256;lubelskie;100-250;Tyrell Corporation;2;detractors;1;0;0;1
833;1261;lubelskie;25-50;Tyrell Corporation;9;promoters;0;0;1;1
834;1271;lubelskie;>25;Tyrell Corporation;6;detractors;1;0;0;1
835;1272;lubelskie;25-50;Tyrell Corporation;9;promoters;0;0;1;1
836;1279;lubelskie;250+;Tyrell Corporation;5;detractors;1;0;0;1
837;1280;lubelskie;51-100;Tyrell Corporation;9;promoters;0;0;1;1
838;1282;lubelskie;250+;Tyrell Corporation;8;neutral;0;1;0;1
839;1286;lubelskie;25-50;Tyrell Corporation;9;promoters;0;0;1;1
840;1287;lubelskie;100-250;Tyrell Corporation;9;promoters;0;0;1;1
841;1288;lubelskie;>25;Tyrell Corporation;6;detractors;1;0;0;1
842;1291;lubelskie;250+;Tyrell Corporation;9;promoters;0;0;1;1
843;1292;lubelskie;100-250;Tyrell Corporation;7;neutral;0;1;0;1
844;1293;lubelskie;250+;Tyrell Corporation;6;detractors;1;0;0;1
845;1294;lubuskie;25-50;Tyrell Corporation;7;neutral;0;1;0;1
846;1295;lubuskie;100-250;Tyrell Corporation;4;detractors;1;0;0;1
847;1301;lubuskie;250+;Tyrell Corporation;4;detractors;1;0;0;1
848;1304;lubuskie;25-50;Tyrell Corporation;2;detractors;1;0;0;1
849;1311;lubuskie;100-250;Tyrell Corporation;7;neutral;0;1;0;1
850;1316;lubuskie;100-250;Tyrell Corporation;10;promoters;0;0;1;1
851;1319;lubuskie;100-250;Tyrell Corporation;9;promoters;0;0;1;1
852;1322;lubuskie;51-100;Tyrell Corporation;4;detractors;1;0;0;1
853;1323;lubuskie;100-250;Tyrell Corporation;6;detractors;1;0;0;1
854;1327;lubuskie;25-50;Tyrell Corporation;8;neutral;0;1;0;1
855;1329;lubuskie;25-50;Tyrell Corporation;6;detractors;1;0;0;1
856;1336;lubuskie;>25;Tyrell Corporation;6;detractors;1;0;0;1
857;1339;lubuskie;>25;Tyrell Corporation;3;detractors;1;0;0;1
858;1342;lubuskie;>25;Tyrell Corporation;9;promoters;0;0;1;1
859;1344;lubuskie;250+;Tyrell Corporation;9;promoters;0;0;1;1
860;1356;lubuskie;51-100;Tyrell Corporation;5;detractors;1;0;0;1
861;1357;lubuskie;51-100;Tyrell Corporation;2;detractors;1;0;0;1
862;1358;贸dzkie;100-250;Tyrell Corporation;9;promoters;0;0;1;1
863;1360;贸dzkie;250+;Tyrell Corporation;2;detractors;1;0;0;1
864;1364;贸dzkie;51-100;Tyrell Corporation;4;detractors;1;0;0;1
865;1368;贸dzkie;>25;Tyrell Corporation;7;neutral;0;1;0;1
866;1371;贸dzkie;25-50;Tyrell Corporation;8;neutral;0;1;0;1
867;1375;贸dzkie;>25;Tyrell Corporation;10;promoters;0;0;1;1
868;1377;贸dzkie;>25;Tyrell Corporation;5;detractors;1;0;0;1
869;1382;贸dzkie;>25;Tyrell Corporation;1;detractors;1;0;0;1
870;1387;maopolskie;>25;Tyrell Corporation;8;neutral;0;1;0;1
871;1388;maopolskie;51-100;Tyrell Corporation;9;promoters;0;0;1;1
872;1393;maopolskie;>25;Tyrell Corporation;3;detractors;1;0;0;1
873;1397;maopolskie;250+;Tyrell Corporation;9;promoters;0;0;1;1
874;1399;maopolskie;100-250;Tyrell Corporation;9;promoters;0;0;1;1
875;1403;maopolskie;250+;Tyrell Corporation;7;neutral;0;1;0;1
876;1404;maopolskie;>25;Tyrell Corporation;5;detractors;1;0;0;1
877;1406;mazowieckie;250+;Tyrell Corporation;8;neutral;0;1;0;1
878;1410;mazowieckie;>25;Tyrell Corporation;7;neutral;0;1;0;1
879;1412;mazowieckie;250+;Tyrell Corporation;2;detractors;1;0;0;1
880;1413;mazowieckie;100-250;Tyrell Corporation;9;promoters;0;0;1;1
881;1415;mazowieckie;51-100;Tyrell Corporation;4;detractors;1;0;0;1
882;1419;mazowieckie;>25;Tyrell Corporation;10;promoters;0;0;1;1
883;1424;mazowieckie;250+;Tyrell Corporation;6;detractors;1;0;0;1
884;1430;mazowieckie;250+;Tyrell Corporation;9;promoters;0;0;1;1
885;1438;mazowieckie;100-250;Tyrell Corporation;4;detractors;1;0;0;1
886;1439;mazowieckie;25-50;Tyrell Corporation;8;neutral;0;1;0;1
887;1440;mazowieckie;100-250;Tyrell Corporation;8;neutral;0;1;0;1
888;1442;mazowieckie;250+;Tyrell Corporation;10;promoters;0;0;1;1
889;1450;mazowieckie;>25;Tyrell Corporation;3;detractors;1;0;0;1
890;1451;mazowieckie;51-100;Tyrell Corporation;9;promoters;0;0;1;1
891;1458;mazowieckie;250+;Tyrell Corporation;4;detractors;1;0;0;1
892;1462;mazowieckie;>25;Tyrell Corporation;10;promoters;0;0;1;1
893;1469;mazowieckie;>25;Tyrell Corporation;6;detractors;1;0;0;1
894;1475;mazowieckie;100-250;Tyrell Corporation;1;detractors;1;0;0;1
895;1476;mazowieckie;250+;Tyrell Corporation;1;detractors;1;0;0;1
896;1477;mazowieckie;>25;Tyrell Corporation;0;detractors;1;0;0;1
897;1485;mazowieckie;25-50;Tyrell Corporation;9;promoters;0;0;1;1
898;1486;mazowieckie;250+;Tyrell Corporation;10;promoters;0;0;1;1
899;1488;mazowieckie;100-250;Tyrell Corporation;3;detractors;1;0;0;1
900;1490;mazowieckie;100-250;Tyrell Corporation;8;neutral;0;1;0;1
901;1491;opolskie;51-100;Tyrell Corporation;5;detractors;1;0;0;1
902;1501;opolskie;100-250;Tyrell Corporation;7;neutral;0;1;0;1
903;1503;opolskie;51-100;Tyrell Corporation;2;detractors;1;0;0;1
904;1504;opolskie;100-250;Tyrell Corporation;3;detractors;1;0;0;1
905;1508;opolskie;100-250;Tyrell Corporation;6;detractors;1;0;0;1
906;1514;opolskie;25-50;Tyrell Corporation;6;detractors;1;0;0;1
907;1525;opolskie;25-50;Tyrell Corporation;10;promoters;0;0;1;1
908;1529;opolskie;100-250;Tyrell Corporation;5;detractors;1;0;0;1
909;1531;opolskie;100-250;Tyrell Corporation;6;detractors;1;0;0;1
910;1540;opolskie;250+;Tyrell Corporation;7;neutral;0;1;0;1
911;1543;podkarpackie;100-250;Tyrell Corporation;1;detractors;1;0;0;1
912;1545;podkarpackie;>25;Tyrell Corporation;7;neutral;0;1;0;1
913;1546;podkarpackie;25-50;Tyrell Corporation;10;promoters;0;0;1;1
914;1548;podkarpackie;100-250;Tyrell Corporation;1;detractors;1;0;0;1
915;1562;podkarpackie;>25;Tyrell Corporation;0;detractors;1;0;0;1
916;1567;podkarpackie;>25;Tyrell Corporation;6;detractors;1;0;0;1
917;1575;podkarpackie;250+;Tyrell Corporation;7;neutral;0;1;0;1
918;1578;podkarpackie;250+;Tyrell Corporation;0;detractors;1;0;0;1
919;1581;podkarpackie;100-250;Tyrell Corporation;10;promoters;0;0;1;1
920;1583;podkarpackie;51-100;Tyrell Corporation;3;detractors;1;0;0;1
921;1588;podlaskie;>25;Tyrell Corporation;9;promoters;0;0;1;1
922;1589;podlaskie;51-100;Tyrell Corporation;6;detractors;1;0;0;1
923;1591;podlaskie;51-100;Tyrell Corporation;1;detractors;1;0;0;1
924;1593;podlaskie;51-100;Tyrell Corporation;0;detractors;1;0;0;1
925;1594;podlaskie;250+;Tyrell Corporation;7;neutral;0;1;0;1
926;1599;podlaskie;250+;Tyrell Corporation;7;neutral;0;1;0;1
927;1604;podlaskie;51-100;Tyrell Corporation;4;detractors;1;0;0;1
928;1605;podlaskie;51-100;Tyrell Corporation;10;promoters;0;0;1;1
929;1612;podlaskie;51-100;Tyrell Corporation;2;detractors;1;0;0;1
930;1615;podlaskie;250+;Tyrell Corporation;5;detractors;1;0;0;1
931;1626;podlaskie;25-50;Tyrell Corporation;8;neutral;0;1;0;1
932;1629;podlaskie;250+;Tyrell Corporation;3;detractors;1;0;0;1
933;1633;podlaskie;>25;Tyrell Corporation;8;neutral;0;1;0;1
934;1634;pomorskie;>25;Tyrell Corporation;8;neutral;0;1;0;1
935;1638;pomorskie;100-250;Tyrell Corporation;1;detractors;1;0;0;1
936;1642;pomorskie;>25;Tyrell Corporation;7;neutral;0;1;0;1
937;1649;pomorskie;51-100;Tyrell Corporation;7;neutral;0;1;0;1
938;1651;pomorskie;>25;Tyrell Corporation;6;detractors;1;0;0;1
939;1653;pomorskie;25-50;Tyrell Corporation;8;neutral;0;1;0;1
940;1654;pomorskie;100-250;Tyrell Corporation;9;promoters;0;0;1;1
941;1655;pomorskie;>25;Tyrell Corporation;10;promoters;0;0;1;1
942;1660;lskie;51-100;Tyrell Corporation;4;detractors;1;0;0;1
943;1664;lskie;25-50;Tyrell Corporation;4;detractors;1;0;0;1
944;1665;lskie;100-250;Tyrell Corporation;5;detractors;1;0;0;1
945;1666;lskie;25-50;Tyrell Corporation;3;detractors;1;0;0;1
946;1672;witokrzyskie;250+;Tyrell Corporation;8;neutral;0;1;0;1
947;1674;witokrzyskie;51-100;Tyrell Corporation;1;detractors;1;0;0;1
948;1686;witokrzyskie;51-100;Tyrell Corporation;1;detractors;1;0;0;1
949;1692;witokrzyskie;51-100;Tyrell Corporation;4;detractors;1;0;0;1
950;1694;witokrzyskie;250+;Tyrell Corporation;2;detractors;1;0;0;1
951;1697;warmisko-mazurskie;100-250;Tyrell Corporation;1;detractors;1;0;0;1
952;1705;warmisko-mazurskie;25-50;Tyrell Corporation;6;detractors;1;0;0;1
953;1710;warmisko-mazurskie;51-100;Tyrell Corporation;9;promoters;0;0;1;1
954;1712;warmisko-mazurskie;>25;Tyrell Corporation;8;neutral;0;1;0;1
955;1716;warmisko-mazurskie;100-250;Tyrell Corporation;9;promoters;0;0;1;1
956;1717;warmisko-mazurskie;51-100;Tyrell Corporation;6;detractors;1;0;0;1
957;1718;wielkopolskie;>25;Tyrell Corporation;9;promoters;0;0;1;1
958;1719;wielkopolskie;250+;Tyrell Corporation;4;detractors;1;0;0;1
959;1724;wielkopolskie;250+;Tyrell Corporation;10;promoters;0;0;1;1
960;1725;wielkopolskie;250+;Tyrell Corporation;9;promoters;0;0;1;1
961;1729;wielkopolskie;250+;Tyrell Corporation;7;neutral;0;1;0;1
962;1733;wielkopolskie;25-50;Tyrell Corporation;1;detractors;1;0;0;1
963;1734;wielkopolskie;250+;Tyrell Corporation;6;detractors;1;0;0;1
964;1739;wielkopolskie;51-100;Tyrell Corporation;7;neutral;0;1;0;1
965;1740;wielkopolskie;100-250;Tyrell Corporation;4;detractors;1;0;0;1
966;1746;wielkopolskie;100-250;Tyrell Corporation;4;detractors;1;0;0;1
967;1749;wielkopolskie;250+;Tyrell Corporation;2;detractors;1;0;0;1
968;1752;wielkopolskie;250+;Tyrell Corporation;6;detractors;1;0;0;1
969;1754;wielkopolskie;51-100;Tyrell Corporation;4;detractors;1;0;0;1
970;1763;wielkopolskie;250+;Tyrell Corporation;8;neutral;0;1;0;1
971;1767;wielkopolskie;100-250;Tyrell Corporation;6;detractors;1;0;0;1
972;1771;wielkopolskie;51-100;Tyrell Corporation;2;detractors;1;0;0;1
973;1777;wielkopolskie;250+;Tyrell Corporation;5;detractors;1;0;0;1
974;1783;wielkopolskie;>25;Tyrell Corporation;8;neutral;0;1;0;1
975;1792;wielkopolskie;250+;Tyrell Corporation;10;promoters;0;0;1;1
976;1799;wielkopolskie;>25;Tyrell Corporation;10;promoters;0;0;1;1
977;1800;wielkopolskie;>25;Tyrell Corporation;6;detractors;1;0;0;1
978;1824;wielkopolskie;100-250;Tyrell Corporation;4;detractors;1;0;0;1
979;1828;wielkopolskie;100-250;Tyrell Corporation;3;detractors;1;0;0;1
980;1838;wielkopolskie;100-250;Tyrell Corporation;3;detractors;1;0;0;1
981;1846;wielkopolskie;51-100;Tyrell Corporation;7;neutral;0;1;0;1
982;1851;wielkopolskie;250+;Tyrell Corporation;8;neutral;0;1;0;1
983;1860;wielkopolskie;>25;Tyrell Corporation;2;detractors;1;0;0;1
984;1863;wielkopolskie;>25;Tyrell Corporation;1;detractors;1;0;0;1
985;1866;wielkopolskie;>25;Tyrell Corporation;1;detractors;1;0;0;1
986;1869;wielkopolskie;100-250;Tyrell Corporation;6;detractors;1;0;0;1
987;1870;wielkopolskie;100-250;Tyrell Corporation;3;detractors;1;0;0;1
988;1873;wielkopolskie;25-50;Tyrell Corporation;4;detractors;1;0;0;1
989;1909;wielkopolskie;100-250;Tyrell Corporation;4;detractors;1;0;0;1
990;1924;wielkopolskie;51-100;Tyrell Corporation;5;detractors;1;0;0;1
991;1928;wielkopolskie;25-50;Tyrell Corporation;4;detractors;1;0;0;1
992;1938;zachodniopomorskie);51-100;Tyrell Corporation;4;detractors;1;0;0;1
993;1945;zachodniopomorskie);>25;Tyrell Corporation;6;detractors;1;0;0;1
994;1958;zachodniopomorskie);>25;Tyrell Corporation;8;neutral;0;1;0;1
995;1135;dolnolskie;100-250;Red Apple;10;promoters;0;0;1;1
996;1137;dolnolskie;100-250;Red Apple;9;promoters;0;0;1;1
997;1141;dolnolskie;>25;Red Apple;4;detractors;1;0;0;1
998;1143;dolnolskie;100-250;Red Apple;4;detractors;1;0;0;1
999;1145;dolnolskie;51-100;Red Apple;9;promoters;0;0;1;1
1000;1150;dolnolskie;25-50;Red Apple;4;detractors;1;0;0;1
1001;1151;dolnolskie;100-250;Red Apple;9;promoters;0;0;1;1
1002;1159;dolnolskie;250+;Red Apple;2;detractors;1;0;0;1
1003;1160;dolnolskie;100-250;Red Apple;9;promoters;0;0;1;1
1004;1167;dolnolskie;>25;Red Apple;3;detractors;1;0;0;1
1005;1168;dolnolskie;>25;Red Apple;10;promoters;0;0;1;1
1006;1169;dolnolskie;250+;Red Apple;6;detractors;1;0;0;1
1007;1173;kujawsko-pomorskie;>25;Red Apple;9;promoters;0;0;1;1
1008;1174;kujawsko-pomorskie;250+;Red Apple;5;detractors;1;0;0;1
1009;1176;kujawsko-pomorskie;25-50;Red Apple;9;promoters;0;0;1;1
1010;1178;kujawsko-pomorskie;25-50;Red Apple;4;detractors;1;0;0;1
1011;1183;kujawsko-pomorskie;>25;Red Apple;8;neutral;0;1;0;1
1012;1187;kujawsko-pomorskie;250+;Red Apple;9;promoters;0;0;1;1
1013;1191;kujawsko-pomorskie;>25;Red Apple;7;neutral;0;1;0;1
1014;1200;kujawsko-pomorskie;25-50;Red Apple;10;promoters;0;0;1;1
1015;1202;kujawsko-pomorskie;250+;Red Apple;10;promoters;0;0;1;1
1016;1203;kujawsko-pomorskie;100-250;Red Apple;5;detractors;1;0;0;1
1017;1218;kujawsko-pomorskie;25-50;Red Apple;4;detractors;1;0;0;1
1018;1221;kujawsko-pomorskie;>25;Red Apple;10;promoters;0;0;1;1
1019;1223;kujawsko-pomorskie;100-250;Red Apple;4;detractors;1;0;0;1
1020;1230;kujawsko-pomorskie;>25;Red Apple;4;detractors;1;0;0;1
1021;1233;kujawsko-pomorskie;250+;Red Apple;10;promoters;0;0;1;1
1022;1234;kujawsko-pomorskie;100-250;Red Apple;9;promoters;0;0;1;1
1023;1236;kujawsko-pomorskie;51-100;Red Apple;3;detractors;1;0;0;1
1024;1241;kujawsko-pomorskie;100-250;Red Apple;6;detractors;1;0;0;1
1025;1242;kujawsko-pomorskie;250+;Red Apple;9;promoters;0;0;1;1
1026;1251;kujawsko-pomorskie;250+;Red Apple;2;detractors;1;0;0;1
1027;1253;kujawsko-pomorskie;>25;Red Apple;10;promoters;0;0;1;1
1028;1256;lubelskie;100-250;Red Apple;8;neutral;0;1;0;1
1029;1261;lubelskie;25-50;Red Apple;9;promoters;0;0;1;1
1030;1271;lubelskie;>25;Red Apple;6;detractors;1;0;0;1
1031;1272;lubelskie;25-50;Red Apple;9;promoters;0;0;1;1
1032;1279;lubelskie;250+;Red Apple;3;detractors;1;0;0;1
1033;1280;lubelskie;51-100;Red Apple;10;promoters;0;0;1;1
1034;1282;lubelskie;250+;Red Apple;7;neutral;0;1;0;1
1035;1286;lubelskie;25-50;Red Apple;1;detractors;1;0;0;1
1036;1287;lubelskie;100-250;Red Apple;9;promoters;0;0;1;1
1037;1288;lubelskie;>25;Red Apple;0;detractors;1;0;0;1
1038;1291;lubelskie;250+;Red Apple;10;promoters;0;0;1;1
1039;1292;lubelskie;100-250;Red Apple;8;neutral;0;1;0;1
1040;1293;lubelskie;250+;Red Apple;10;promoters;0;0;1;1
1041;1294;lubuskie;25-50;Red Apple;8;neutral;0;1;0;1
1042;1295;lubuskie;100-250;Red Apple;8;neutral;0;1;0;1
1043;1301;lubuskie;250+;Red Apple;10;promoters;0;0;1;1
1044;1304;lubuskie;25-50;Red Apple;9;promoters;0;0;1;1
1045;1311;lubuskie;100-250;Red Apple;5;detractors;1;0;0;1
1046;1316;lubuskie;100-250;Red Apple;10;promoters;0;0;1;1
1047;1319;lubuskie;100-250;Red Apple;9;promoters;0;0;1;1
1048;1322;lubuskie;51-100;Red Apple;7;neutral;0;1;0;1
1049;1323;lubuskie;100-250;Red Apple;10;promoters;0;0;1;1
1050;1327;lubuskie;25-50;Red Apple;8;neutral;0;1;0;1
1051;1329;lubuskie;25-50;Red Apple;3;detractors;1;0;0;1
1052;1336;lubuskie;>25;Red Apple;9;promoters;0;0;1;1
1053;1339;lubuskie;>25;Red Apple;7;neutral;0;1;0;1
1054;1342;lubuskie;>25;Red Apple;9;promoters;0;0;1;1
1055;1344;lubuskie;250+;Red Apple;9;promoters;0;0;1;1
1056;1356;lubuskie;51-100;Red Apple;10;promoters;0;0;1;1
1057;1357;lubuskie;51-100;Red Apple;8;neutral;0;1;0;1
1058;1358;贸dzkie;100-250;Red Apple;10;promoters;0;0;1;1
1059;1360;贸dzkie;250+;Red Apple;5;detractors;1;0;0;1
1060;1364;贸dzkie;51-100;Red Apple;10;promoters;0;0;1;1
1061;1368;贸dzkie;>25;Red Apple;9;promoters;0;0;1;1
1062;1371;贸dzkie;25-50;Red Apple;3;detractors;1;0;0;1
1063;1375;贸dzkie;>25;Red Apple;2;detractors;1;0;0;1
1064;1377;贸dzkie;>25;Red Apple;1;detractors;1;0;0;1
1065;1382;贸dzkie;>25;Red Apple;5;detractors;1;0;0;1
1066;1387;maopolskie;>25;Red Apple;10;promoters;0;0;1;1
1067;1388;maopolskie;51-100;Red Apple;2;detractors;1;0;0;1
1068;1393;maopolskie;>25;Red Apple;8;neutral;0;1;0;1
1069;1397;maopolskie;250+;Red Apple;2;detractors;1;0;0;1
1070;1399;maopolskie;100-250;Red Apple;5;detractors;1;0;0;1
1071;1403;maopolskie;250+;Red Apple;3;detractors;1;0;0;1
1072;1404;maopolskie;>25;Red Apple;4;detractors;1;0;0;1
1073;1406;mazowieckie;250+;Red Apple;2;detractors;1;0;0;1
1074;1410;mazowieckie;>25;Red Apple;5;detractors;1;0;0;1
1075;1412;mazowieckie;250+;Red Apple;9;promoters;0;0;1;1
1076;1413;mazowieckie;100-250;Red Apple;8;neutral;0;1;0;1
1077;1415;mazowieckie;51-100;Red Apple;5;detractors;1;0;0;1
1078;1419;mazowieckie;>25;Red Apple;8;neutral;0;1;0;1
1079;1424;mazowieckie;250+;Red Apple;10;promoters;0;0;1;1
1080;1430;mazowieckie;250+;Red Apple;9;promoters;0;0;1;1
1081;1438;mazowieckie;100-250;Red Apple;8;neutral;0;1;0;1
1082;1439;mazowieckie;25-50;Red Apple;10;promoters;0;0;1;1
1083;1440;mazowieckie;100-250;Red Apple;4;detractors;1;0;0;1
1084;1442;mazowieckie;250+;Red Apple;2;detractors;1;0;0;1
1085;1450;mazowieckie;>25;Red Apple;10;promoters;0;0;1;1
1086;1451;mazowieckie;51-100;Red Apple;9;promoters;0;0;1;1
1087;1458;mazowieckie;250+;Red Apple;3;detractors;1;0;0;1
1088;1462;mazowieckie;>25;Red Apple;9;promoters;0;0;1;1
1089;1469;mazowieckie;>25;Red Apple;3;detractors;1;0;0;1
1090;1475;mazowieckie;100-250;Red Apple;10;promoters;0;0;1;1
1091;1476;mazowieckie;250+;Red Apple;7;neutral;0;1;0;1
1092;1477;mazowieckie;>25;Red Apple;10;promoters;0;0;1;1
1093;1485;mazowieckie;25-50;Red Apple;9;promoters;0;0;1;1
1094;1486;mazowieckie;250+;Red Apple;8;neutral;0;1;0;1
1095;1488;mazowieckie;100-250;Red Apple;10;promoters;0;0;1;1
1096;1490;mazowieckie;100-250;Red Apple;9;promoters;0;0;1;1
1097;1491;opolskie;51-100;Red Apple;8;neutral;0;1;0;1
1098;1501;opolskie;100-250;Red Apple;9;promoters;0;0;1;1
1099;1503;opolskie;51-100;Red Apple;1;detractors;1;0;0;1
1100;1504;opolskie;100-250;Red Apple;8;neutral;0;1;0;1
1101;1508;opolskie;100-250;Red Apple;10;promoters;0;0;1;1
1102;1514;opolskie;25-50;Red Apple;8;neutral;0;1;0;1
1103;1525;opolskie;25-50;Red Apple;9;promoters;0;0;1;1
1104;1529;opolskie;100-250;Red Apple;10;promoters;0;0;1;1
1105;1531;opolskie;100-250;Red Apple;6;detractors;1;0;0;1
1106;1540;opolskie;250+;Red Apple;9;promoters;0;0;1;1
1107;1543;podkarpackie;100-250;Red Apple;7;neutral;0;1;0;1
1108;1545;podkarpackie;>25;Red Apple;10;promoters;0;0;1;1
1109;1546;podkarpackie;25-50;Red Apple;9;promoters;0;0;1;1
1110;1548;podkarpackie;100-250;Red Apple;9;promoters;0;0;1;1
1111;1562;podkarpackie;>25;Red Apple;6;detractors;1;0;0;1
1112;1567;podkarpackie;>25;Red Apple;8;neutral;0;1;0;1
1113;1575;podkarpackie;250+;Red Apple;5;detractors;1;0;0;1
1114;1578;podkarpackie;250+;Red Apple;3;detractors;1;0;0;1
1115;1581;podkarpackie;100-250;Red Apple;9;promoters;0;0;1;1
1116;1583;podkarpackie;51-100;Red Apple;7;neutral;0;1;0;1
1117;1588;podlaskie;>25;Red Apple;3;detractors;1;0;0;1
1118;1589;podlaskie;51-100;Red Apple;9;promoters;0;0;1;1
1119;1591;podlaskie;51-100;Red Apple;6;detractors;1;0;0;1
1120;1593;podlaskie;51-100;Red Apple;7;neutral;0;1;0;1
1121;1594;podlaskie;250+;Red Apple;7;neutral;0;1;0;1
1122;1599;podlaskie;250+;Red Apple;9;promoters;0;0;1;1
1123;1604;podlaskie;51-100;Red Apple;9;promoters;0;0;1;1
1124;1605;podlaskie;51-100;Red Apple;7;neutral;0;1;0;1
1125;1612;podlaskie;51-100;Red Apple;8;neutral;0;1;0;1
1126;1615;podlaskie;250+;Red Apple;9;promoters;0;0;1;1
1127;1626;podlaskie;25-50;Red Apple;4;detractors;1;0;0;1
1128;1629;podlaskie;250+;Red Apple;9;promoters;0;0;1;1
1129;1633;podlaskie;>25;Red Apple;9;promoters;0;0;1;1
1130;1634;pomorskie;>25;Red Apple;9;promoters;0;0;1;1
1131;1638;pomorskie;100-250;Red Apple;6;detractors;1;0;0;1
1132;1642;pomorskie;>25;Red Apple;10;promoters;0;0;1;1
1133;1649;pomorskie;51-100;Red Apple;8;neutral;0;1;0;1
1134;1651;pomorskie;>25;Red Apple;10;promoters;0;0;1;1
1135;1653;pomorskie;25-50;Red Apple;7;neutral;0;1;0;1
1136;1654;pomorskie;100-250;Red Apple;4;detractors;1;0;0;1
1137;1655;pomorskie;>25;Red Apple;9;promoters;0;0;1;1
1138;1660;lskie;51-100;Red Apple;10;promoters;0;0;1;1
1139;1664;lskie;25-50;Red Apple;8;neutral;0;1;0;1
1140;1665;lskie;100-250;Red Apple;6;detractors;1;0;0;1
1141;1666;lskie;25-50;Red Apple;2;detractors;1;0;0;1
1142;1672;witokrzyskie;250+;Red Apple;10;promoters;0;0;1;1
1143;1674;witokrzyskie;51-100;Red Apple;5;detractors;1;0;0;1
1144;1686;witokrzyskie;51-100;Red Apple;8;neutral;0;1;0;1
1145;1692;witokrzyskie;51-100;Red Apple;7;neutral;0;1;0;1
1146;1694;witokrzyskie;250+;Red Apple;9;promoters;0;0;1;1
1147;1697;warmisko-mazurskie;100-250;Red Apple;4;detractors;1;0;0;1
1148;1705;warmisko-mazurskie;25-50;Red Apple;1;detractors;1;0;0;1
1149;1710;warmisko-mazurskie;51-100;Red Apple;9;promoters;0;0;1;1
1150;1712;warmisko-mazurskie;>25;Red Apple;10;promoters;0;0;1;1
1151;1716;warmisko-mazurskie;100-250;Red Apple;3;detractors;1;0;0;1
1152;1717;warmisko-mazurskie;51-100;Red Apple;8;neutral;0;1;0;1
1153;1718;wielkopolskie;>25;Red Apple;9;promoters;0;0;1;1
1154;1719;wielkopolskie;250+;Red Apple;2;detractors;1;0;0;1
1155;1724;wielkopolskie;250+;Red Apple;10;promoters;0;0;1;1
1156;1725;wielkopolskie;250+;Red Apple;7;neutral;0;1;0;1
1157;1729;wielkopolskie;250+;Red Apple;9;promoters;0;0;1;1
1158;1733;wielkopolskie;25-50;Red Apple;2;detractors;1;0;0;1
1159;1734;wielkopolskie;250+;Red Apple;9;promoters;0;0;1;1
1160;1739;wielkopolskie;51-100;Red Apple;9;promoters;0;0;1;1
1161;1740;wielkopolskie;100-250;Red Apple;3;detractors;1;0;0;1
1162;1746;wielkopolskie;100-250;Red Apple;7;neutral;0;1;0;1
1163;1749;wielkopolskie;250+;Red Apple;10;promoters;0;0;1;1
1164;1752;wielkopolskie;250+;Red Apple;7;neutral;0;1;0;1
1165;1754;wielkopolskie;51-100;Red Apple;9;promoters;0;0;1;1
1166;1763;wielkopolskie;250+;Red Apple;4;detractors;1;0;0;1
1167;1767;wielkopolskie;100-250;Red Apple;9;promoters;0;0;1;1
1168;1771;wielkopolskie;51-100;Red Apple;8;neutral;0;1;0;1
1169;1777;wielkopolskie;250+;Red Apple;9;promoters;0;0;1;1
1170;1783;wielkopolskie;>25;Red Apple;5;detractors;1;0;0;1
1171;1792;wielkopolskie;250+;Red Apple;10;promoters;0;0;1;1
1172;1799;wielkopolskie;>25;Red Apple;3;detractors;1;0;0;1
1173;1800;wielkopolskie;>25;Red Apple;9;promoters;0;0;1;1
1174;1824;wielkopolskie;100-250;Red Apple;9;promoters;0;0;1;1
1175;1828;wielkopolskie;100-250;Red Apple;5;detractors;1;0;0;1
1176;1838;wielkopolskie;100-250;Red Apple;3;detractors;1;0;0;1
1177;1846;wielkopolskie;51-100;Red Apple;10;promoters;0;0;1;1
1178;1851;wielkopolskie;250+;Red Apple;2;detractors;1;0;0;1
1179;1860;wielkopolskie;>25;Red Apple;6;detractors;1;0;0;1
1180;1863;wielkopolskie;>25;Red Apple;9;promoters;0;0;1;1
1181;1866;wielkopolskie;>25;Red Apple;4;detractors;1;0;0;1
1182;1869;wielkopolskie;100-250;Red Apple;3;detractors;1;0;0;1
1183;1870;wielkopolskie;100-250;Red Apple;7;neutral;0;1;0;1
1184;1873;wielkopolskie;25-50;Red Apple;9;promoters;0;0;1;1
1185;1909;wielkopolskie;100-250;Red Apple;10;promoters;0;0;1;1
1186;1924;wielkopolskie;51-100;Red Apple;7;neutral;0;1;0;1
1187;1928;wielkopolskie;25-50;Red Apple;4;detractors;1;0;0;1
1188;1938;zachodniopomorskie);51-100;Red Apple;9;promoters;0;0;1;1
1189;1945;zachodniopomorskie);>25;Red Apple;9;promoters;0;0;1;1
1190;1958;zachodniopomorskie);>25;Red Apple;7;neutral;0;1;0;1
1191;1959;zachodniopomorskie);250+;Red Apple;8;neutral;0;1;0;1